,Dissemination Identifier,Original Dissemination Identifier,Action type,Event type,Event timestamp,Amendment indicator,Asset Class,Product name,Cleared,Mandatory clearing indicator,Execution Timestamp,Effective Date,Expiration Date,Maturity date of the underlier,Non-standardized term indicator,Platform identifier,Prime brokerage transaction indicator,Block trade election indicator,Large notional off-facility swap election indicator,Notional amount-Leg 1,Notional amount-Leg 2,Notional currency-Leg 1,Notional currency-Leg 2,Notional quantity-Leg 1,Notional quantity-Leg 2,Total notional quantity-Leg 1,Total notional quantity-Leg 2,Quantity frequency multiplier-Leg 1,Quantity frequency multiplier-Leg 2,Quantity unit of measure-Leg 1,Quantity unit of measure-Leg 2,Quantity frequency-Leg 1,Quantity frequency-Leg 2,Notional amount in effect on associated effective date-Leg 1,Notional amount in effect on associated effective date-Leg 2,Effective date of the notional amount-Leg 1,Effective date of the notional amount-Leg 2,End date of the notional amount-Leg 1,End date of the notional amount-Leg 2,Call amount-Leg 1,Call amount-Leg 2,Call currency-Leg 1,Call currency-Leg 2,Put amount-Leg 1,Put amount-Leg 2,Put currency-Leg 1,Put currency-Leg 2,Exchange rate,Exchange rate basis,First exercise date,Fixed rate-Leg 1,Fixed rate-Leg 2,Option Premium Amount,Option Premium Currency,Price,Price unit of measure,Spread-Leg 1,Spread-Leg 2,Spread currency-Leg 1,Spread currency-Leg 2,Strike Price,Strike price currency/currency pair,Post-priced swap indicator,Price currency,Price notation,Spread notation-Leg 1,Spread notation-Leg 2,Strike price notation,Fixed rate day count convention-leg 1,Fixed rate day count convention-leg 2,Floating rate day count convention-leg 1,Floating rate day count convention-leg 2,Floating rate reset frequency period-leg 1,Floating rate reset frequency period-leg 2,Floating rate reset frequency period multiplier-leg 1,Floating rate reset frequency period multiplier-leg 2,Other payment amount,Fixed rate payment frequency period-Leg 1,Floating rate payment frequency period-Leg 1,Fixed rate payment frequency period-Leg 2,Floating rate payment frequency period-Leg 2,Fixed rate payment frequency period multiplier-Leg 1,Floating rate payment frequency period multiplier-Leg 1,Fixed rate payment frequency period multiplier-Leg 2,Floating rate payment frequency period multiplier-Leg 2,Other payment type,Other payment currency,Settlement currency-Leg 1,Settlement currency-Leg 2,Settlement location-Leg 1,Settlement location-Leg 2,Collateralisation category,Custom basket indicator,Index factor,Underlier ID-Leg 1,Underlier ID-Leg 2,Underlier ID source-Leg 1,Underlying Asset Name,Underlying asset subtype or underlying contract subtype-Leg 1,Underlying asset subtype or underlying contract subtype-Leg 2,Embedded Option type,Option Type,Option Style,Package indicator,Package transaction price,Package transaction price currency,Package transaction price notation,Package transaction spread,Package transaction spread currency,Package transaction spread notation,Physical delivery location-Leg 1,Delivery Type
0,728960393,728912388.0,TERM,ETRM,2023-08-25T21:22:32Z,,CR,Credit:IndexTranche:CDX:StandardCDXTrancheHY,N,,2021-05-21T19:25:17Z,2020-09-21,2025-12-20,,True,BILT,False,,False,"67,000,000",,USD,,,,,,,,,,,,,,,,,,,,,,,,,,,,,0.05,,,,,,,,,,,,False,,,,,,,,,,,,,,3784104.16890,,,,,,,,,UFRO,USD,USD,,,,,True,0.98,2I65BRZK9,,REDID,,,,,,,False,,,,,,,,
1,728960394,728912433.0,TERM,ETRM,2023-08-25T21:23:08Z,,CR,Credit:IndexTranche:CDX:StandardCDXTrancheHY,N,,2021-04-29T17:40:26Z,2020-09-21,2025-12-20,,True,BILT,False,,False,"33,000,000",,USD,,,,,,,,,,,,,,,,,,,,,,,,,,,,,0.05,,,,,,,,,,,,False,,,,,,,,,,,,,,1923350.00220,,,,,,,,,UFRO,USD,USD,,,,,True,0.98,2I65BRZK9,,REDID,,,,,,,False,,,,,,,,
2,728960395,728915875.0,TERM,ETRM,2023-08-25T22:01:31Z,,CR,Credit:IndexTranche:CDX:StandardCDXTrancheHY,N,,2021-08-04T20:19:43Z,2020-09-21,2025-12-20,,True,BILT,False,,False,"33,000,000",,USD,,,,,,,,,,,,,,,,,,,,,,,,,,,,,0.05,,,,,,,,,,,,False,,,,,,,,,,,,,,1939162.50000,,,,,,,,,UFRO,USD,USD,,,,,True,0.98,2I65BRZK9,,REDID,,,,,,,False,,,,,,,,
3,728960396,728913007.0,TERM,ETRM,2023-08-25T21:25:06Z,,CR,Credit:IndexTranche:CDX:StandardCDXTrancheHY,N,,2021-05-24T19:22:33Z,2018-09-20,2023-12-20,,True,BILT,False,,False,"100,000,000+",,USD,,,,,,,,,,,,,,,,,,,,,,,,,,,,,0.05,,,,,,,,,,,,False,,,,,,,,,,,,,,2020639.44000,,,,,,,,,UFRO,USD,USD,,,,,True,0.86,2I65BRYZ7,,REDID,,,,,,,False,,,,,,,,
4,728960343,,NEWT,NOVA,2023-05-23T04:04:30Z,,CR,Credit:Index:CMBX:CMBX,N,False,2023-04-11T19:30:51Z,2016-02-12,2047-01-17,,False,XXXX,False,False,False,"10,000,000",,USD,,,,,,,,,,,,,,,,,,,,,,,,,,,,,0.03,,,,,,,,,,,,False,,,,,,,,,,,,,,2188.07800;2118.34600,,,,,,,,,UWIN;UWIN,USD;USD,,USD,,,,False,1.0,137BERAG2,,REDID,,,,,,,False,,,,,,,,
5,728960344,728727149.0,MODI,NOVA,2023-04-12T19:22:38Z,True,CR,Credit:Index:CMBX:CMBX,N,False,2023-04-11T19:21:54Z,2016-02-18,2047-01-17,,False,XXXX,False,False,False,"2,000,000",,USD,,,,,,,,,,,,,,,,,,,,,,,,,,,,,0.03,,,,,,,,,,,,False,,,,,,,,,,,,,,,,,,,,,,,,,,USD,,,,False,1.0,137BERAG2,,REDID,,,,,,,False,,,,,,,,
6,728969804,728967602.0,CORR,,2023-05-23T04:04:50Z,,CR,Credit:Index:CMBX:CMBX,N,False,2023-04-11T19:21:54Z,2016-02-18,2047-01-17,,False,XXXX,False,False,False,"2,000,000",,USD,,,,,,,,,,,,,,,,,,,,,,,,,,,,,0.03,,,,,,,,,,,,False,,,,,,,,,,,,,,437.61571;423.66906,,,,,,,,,UWIN;UWIN,USD;USD,,USD,,,,False,1.0,137BERAG2,,REDID,,,,,,,False,,,,,,,,
7,728969805,728967601.0,MODI,NOVA,2023-06-22T01:43:45Z,True,CR,Credit:Index:CMBX:CMBX,N,False,2016-05-16T19:46:50Z,2015-06-29,2047-01-17,,False,XXXX,False,False,False,"3,000,000",,USD,,,,,,,,,,,,,,,,,,,,,,,,,,,,,0.05,,,,,,,,,,,,False,,,,,,,,,,,,,,,,,,,,,,,,,,USD,,,,False,1.0,137BEMAF5,,REDID,,,,,,,False,,,,,,,,
8,728967601,728821326.0,MODI,NOVA,2023-05-23T01:33:10Z,True,CR,Credit:Index:CMBX:CMBX,N,False,2016-05-16T19:46:50Z,2015-06-29,2047-01-17,,False,XXXX,False,False,False,"3,000,000",,USD,,,,,,,,,,,,,,,,,,,,,,,,,,,,,0.05,,,,,,,,,,,,False,,,,,,,,,,,,,,,,,,,,,,,,,,USD,,,,False,1.0,137BEMAF5,,REDID,,,,,,,False,,,,,,,,
9,728967602,728960344.0,CORR,,2023-04-21T04:26:29Z,,CR,Credit:Index:CMBX:CMBX,N,False,2023-04-11T19:21:54Z,2016-02-18,2047-01-17,,False,XXXX,False,False,False,"2,000,000",,USD,,,,,,,,,,,,,,,,,,,,,,,,,,,,,0.03,,,,,,,,,,,,False,,,,,,,,,,,,,,437.61571,,,,,,,,,UWIN,USD,,USD,,,,False,1.0,137BERAG2,,REDID,,,,,,,False,,,,,,,,
