,Dissemination Identifier,Original Dissemination Identifier,Action type,Event type,Event timestamp,Amendment indicator,Asset Class,Product name,Cleared,Mandatory clearing indicator,Execution Timestamp,Effective Date,Expiration Date,Maturity date of the underlier,Non-standardized term indicator,Platform identifier,Prime brokerage transaction indicator,Block trade election indicator,Large notional off-facility swap election indicator,Notional amount-Leg 1,Notional amount-Leg 2,Notional currency-Leg 1,Notional currency-Leg 2,Notional quantity-Leg 1,Notional quantity-Leg 2,Total notional quantity-Leg 1,Total notional quantity-Leg 2,Quantity frequency multiplier-Leg 1,Quantity frequency multiplier-Leg 2,Quantity unit of measure-Leg 1,Quantity unit of measure-Leg 2,Quantity frequency-Leg 1,Quantity frequency-Leg 2,Notional amount in effect on associated effective date-Leg 1,Notional amount in effect on associated effective date-Leg 2,Effective date of the notional amount-Leg 1,Effective date of the notional amount-Leg 2,End date of the notional amount-Leg 1,End date of the notional amount-Leg 2,Call amount-Leg 1,Call amount-Leg 2,Call currency-Leg 1,Call currency-Leg 2,Put amount-Leg 1,Put amount-Leg 2,Put currency-Leg 1,Put currency-Leg 2,Exchange rate,Exchange rate basis,First exercise date,Fixed rate-Leg 1,Fixed rate-Leg 2,Option Premium Amount,Option Premium Currency,Price,Price unit of measure,Spread-Leg 1,Spread-Leg 2,Spread currency-Leg 1,Spread currency-Leg 2,Strike Price,Strike price currency/currency pair,Post-priced swap indicator,Price currency,Price notation,Spread notation-Leg 1,Spread notation-Leg 2,Strike price notation,Fixed rate day count convention-leg 1,Fixed rate day count convention-leg 2,Floating rate day count convention-leg 1,Floating rate day count convention-leg 2,Floating rate reset frequency period-leg 1,Floating rate reset frequency period-leg 2,Floating rate reset frequency period multiplier-leg 1,Floating rate reset frequency period multiplier-leg 2,Other payment amount,Fixed rate payment frequency period-Leg 1,Floating rate payment frequency period-Leg 1,Fixed rate payment frequency period-Leg 2,Floating rate payment frequency period-Leg 2,Fixed rate payment frequency period multiplier-Leg 1,Floating rate payment frequency period multiplier-Leg 1,Fixed rate payment frequency period multiplier-Leg 2,Floating rate payment frequency period multiplier-Leg 2,Other payment type,Other payment currency,Settlement currency-Leg 1,Settlement currency-Leg 2,Settlement location-Leg 1,Settlement location-Leg 2,Collateralisation category,Custom basket indicator,Index factor,Underlier ID-Leg 1,Underlier ID-Leg 2,Underlier ID source-Leg 1,Underlying Asset Name,Underlying asset subtype or underlying contract subtype-Leg 1,Underlying asset subtype or underlying contract subtype-Leg 2,Embedded Option type,Option Type,Option Style,Package indicator,Package transaction price,Package transaction price currency,Package transaction price notation,Package transaction spread,Package transaction spread currency,Package transaction spread notation,Physical delivery location-Leg 1,Delivery Type
0,728960187,728580674.0,CORR,,2023-08-26T01:00:39Z,,EQ,Equity:Swap:PriceReturnBasicPerformance:SingleIndex,N,False,2023-08-02T19:12:22Z,2023-08-02,2023-11-29,,False,BILT,False,False,False,5,5,USD,USD,,,5,0.0,,,SHAS,SHAS,,,,,,,,,,,,,,,,,,,,,,,,"7,662.21",ACCY,,,,,,,False,USD,1.0,,,,,,,A004,,MNTH,,1.0,,,,,MNTH,,,,1.0,,,USD,USD,,,,False,,.3421393XD.NaE,,Index,,,,OPET,,,False,,,,,,,,Cash
1,728960188,728580539.0,CORR,,2023-08-26T01:00:39Z,,EQ,Equity:Swap:PriceReturnBasicPerformance:SingleIndex,N,False,2023-06-02T19:54:22Z,2023-06-02,2023-11-28,,False,BILT,False,False,False,5,5,USD,USD,,,5,0.0,,,SHAS,SHAS,,,,,,,,,,,,,,,,,,,,,,,,"6,237.54",ACCY,,,,,,,True,USD,1.0,,,,,,,A004,,MNTH,,1.0,,,,,MNTH,,,,1.0,,,USD,USD,,,,False,,.3453274XD.NaE,,Index,,,,OPET,,,False,,,,,,,,Cash
2,728960189,728580538.0,CORR,,2023-08-26T01:00:40Z,,EQ,Equity:Swap:PriceReturnBasicPerformance:SingleIndex,N,False,2023-05-02T22:01:34Z,2023-05-02,2023-10-25,,False,BILT,False,False,False,5,5,USD,USD,,,5,0.0,,,SHAS,SHAS,,,,,,,,,,,,,,,,,,,,,,,,"6,277.39",ACCY,,,,,,,False,USD,1.0,,,,,,,A004,,MNTH,,1.0,,,,,MNTH,,,,1.0,,,USD,USD,,,,False,,.3453274XD.NaE,,Index,,,,OPET,,,False,,,,,,,,Cash
3,728960190,728580540.0,CORR,,2023-08-26T01:00:39Z,,EQ,Equity:Swap:PriceReturnBasicPerformance:SingleIndex,N,False,2023-05-02T21:59:40Z,2023-05-02,2023-10-25,,False,BILT,False,False,False,5,5,USD,USD,,,5,0.0,,,SHAS,SHAS,,,,,,,,,,,,,,,,,,,,,,,,"7,205.88",ACCY,,,,,,,False,USD,1.0,,,,,,,A004,,MNTH,,1.0,,,,,MNTH,,,,1.0,,,USD,USD,,,,False,,.3421393XD.NaE,,Index,,,,OPET,,,False,,,,,,,,Cash
4,728960196,728567215.0,CORR,,2023-08-26T01:16:16Z,,EQ,Equity:Swap:PriceReturnBasicPerformance:SingleIndex,N,False,2023-08-02T16:17:27Z,2023-08-02,2023-09-07,,False,BILT,False,False,False,"9,000,000","9,000,000",USD,USD,,,500,484.0,,,SHAS,SHAS,,,,,,,,,,,,,,,,,,,,,,,,"17,928.3630933996",ACCY,,,,,,,True,USD,1.0,,,,,,,A004,,DAIL,,1.0,,,,,EXPI,,,,1.0,,,USD,USD,,,,False,,.NTQX.NaE,,Index,,,,,,,False,,,,,,,,Cash
5,728960197,728566934.0,CORR,,2023-08-26T01:16:16Z,,EQ,Equity:Swap:PriceReturnBasicPerformance:SingleIndex,N,False,2023-08-25T14:43:28Z,2023-08-25,2023-11-14,,False,BILT,False,False,False,"13,000","13,000",USD,USD,,,5,6.0,,,SHAS,SHAS,,,,,,,,,,,,,,,,,,,,,,,,"2,166.6732441",ACCY,,,,,,,True,USD,1.0,,,,,,,A004,,MNTH,,3.0,,,,,MNTH,,,,3.0,,,USD,USD,,,,False,,USJPM00RU173,,Index,,,,OPET,,,False,,,,,,,,Cash
6,728960198,728566934.0,MODI,TRAD,2023-08-25T14:43:28Z,True,EQ,Equity:Swap:PriceReturnBasicPerformance:SingleIndex,N,False,2023-08-25T14:43:28Z,2023-08-25,2023-11-14,,False,BILT,False,False,False,"13,000","13,000",USD,USD,,,5,6.0,,,SHAS,SHAS,,,,,,,,,,,,,,,,,,,,,,,,"2,166.6732441",ACCY,,,,,,,True,USD,1.0,,,,,,,A004,,MNTH,,3.0,,,,,MNTH,,,,3.0,,,USD,USD,,,,False,,USJPM00RU173,,Index,,,,OPET,,,False,,,,,,,,Cash
7,728960206,727250519.0,CORR,,2023-08-26T02:01:46Z,False,EQ,Equity:Swap:PriceReturnBasicPerformance:SingleName,N,False,2023-06-27T07:50:16Z,2023-06-30,2024-06-27,,False,XXXX,False,False,False,"910,000",,USD,,,,"190,000",,,,SHAS,,,,,,,,,,,,,,,,,,,,,,,,,35.0250543,ACCY,,,,,,,False,CNY,1.0,,,,A004,,,A004,,DAIL,,1.0,,MNTH,,,DAIL,1.0,,,1.0,,,USD,,,,,False,,CNE100002C70,,ISIN,,,,OPET,,,False,,,,,,,,Cash
8,728960239,727666292.0,MODI,TRAD,2023-08-26T02:02:32Z,False,EQ,Equity:Other,N,False,2023-08-18T15:47:18Z,2023-08-26,2024-08-19,,False,BILT,False,False,False,"27,000",,USD,,,,"27,000",,,,ACCY,,,,,,,,,,,,,,,,,,,,2024-08-19,,,,,"26,999.89974",ACCY,,,,,,,True,USD,1.0,,,,,,,,,,,,,,,,,,,,,,,USD,,,,,False,,BTSICRBI Index;.BTSIDB2E;BTSIUECF Index,,Bloomberg;RIC;Bloomberg,,,,,,EUROPEAN,False,,,,,,,,Cash
9,728960240,727666296.0,MODI,TRAD,2023-08-26T02:02:32Z,True,EQ,Equity:Other,N,False,2023-03-31T19:02:41Z,2023-08-26,2024-03-28,,False,BILT,False,False,False,"58,000",,USD,,,,"58,000",,,,ACCY,,,,,,,,,,,,,,,,,,,,2024-03-28,,,,,"58,000.10205",ACCY,,,,,,,False,USD,1.0,,,,,,,,,,,,,,,,,,,,,,,USD,,,,,False,,BTSICRBI Index;.BTSIDB2E;BTSIUECF Index,,Bloomberg;RIC;Bloomberg,,,,,,EUROPEAN,False,,,,,,,,Cash
10,728960241,727666311.0,MODI,TRAD,2023-08-26T02:02:32Z,False,EQ,Equity:Other,N,False,2023-06-30T15:09:45Z,2023-08-26,2024-07-02,,False,BILT,False,False,False,"22,000",,USD,,,,"22,000",,,,ACCY,,,,,,,,,,,,,,,,,,,,2024-07-02,,,,,"22,000.03776",ACCY,,,,,,,True,USD,1.0,,,,,,,,,,,,,,,,,,,,,,,USD,,,,,False,,BTSICRBI Index;.BTSIDB2E;BTSIUECF Index,,Bloomberg;RIC;Bloomberg,,,,,,EUROPEAN,False,,,,,,,,Cash
11,728960242,727666298.0,MODI,TRAD,2023-08-26T02:02:32Z,True,EQ,Equity:Other,N,False,2023-03-03T18:15:34Z,2023-08-26,2024-03-05,,False,BILT,False,False,False,"36,000",,USD,,,,"36,000",,,,ACCY,,,,,,,,,,,,,,,,,,,,2024-03-04,,,,,"35,999.89855",ACCY,,,,,,,False,USD,1.0,,,,,,,,,,,,,,,,,,,,,,,USD,,,,,False,,BTSICRBI Index;.BTSIDB2E;BTSIUECF Index,,Bloomberg;RIC;Bloomberg,,,,,,EUROPEAN,False,,,,,,,,Cash
12,728960243,727666294.0,MODI,TRAD,2023-08-26T02:02:32Z,True,EQ,Equity:Other,N,False,2023-03-03T18:15:34Z,2023-08-26,2024-03-01,,False,BILT,False,False,False,"50,000",,USD,,,,"50,000",,,,ACCY,,,,,,,,,,,,,,,,,,,,2024-03-01,,,,,"49,999.93047",ACCY,,,,,,,False,USD,1.0,,,,,,,,,,,,,,,,,,,,,,,USD,,,,,False,,BTSICRBI Index;.BTSIDB2E;BTSIUECF Index,,Bloomberg;RIC;Bloomberg,,,,,,EUROPEAN,False,,,,,,,,Cash
13,728960244,727666322.0,MODI,TRAD,2023-08-26T02:02:32Z,True,EQ,Equity:Other,N,False,2023-05-12T15:27:01Z,2023-08-26,2024-05-10,,False,BILT,False,False,False,"62,000",,USD,,,,"62,000",,,,ACCY,,,,,,,,,,,,,,,,,,,,2024-05-10,,,,,"61,999.99473",ACCY,,,,,,,False,USD,1.0,,,,,,,,,,,,,,,,,,,,,,,USD,,,,,False,,BTSICRBI Index;.BTSIDB2E;BTSIUECF Index,,Bloomberg;RIC;Bloomberg,,,,,,EUROPEAN,False,,,,,,,,Cash
14,728960245,727666295.0,MODI,TRAD,2023-08-26T02:02:32Z,True,EQ,Equity:Other,N,False,2023-05-12T15:27:01Z,2023-08-26,2024-05-13,,False,BILT,False,False,False,"45,000",,USD,,,,"45,000",,,,ACCY,,,,,,,,,,,,,,,,,,,,2024-05-13,,,,,"45,000.11682",ACCY,,,,,,,False,USD,1.0,,,,,,,,,,,,,,,,,,,,,,,USD,,,,,False,,BTSICRBI Index;.BTSIDB2E;BTSIUECF Index,,Bloomberg;RIC;Bloomberg,,,,,,EUROPEAN,False,,,,,,,,Cash
15,728960246,727666312.0,MODI,TRAD,2023-08-26T02:02:32Z,False,EQ,Equity:Other,N,False,2023-08-04T15:32:28Z,2023-08-26,2024-08-02,,False,BILT,False,False,False,"53,000",,USD,,,,"53,000",,,,ACCY,,,,,,,,,,,,,,,,,,,,2024-08-02,,,,,"52,999.92258",ACCY,,,,,,,True,USD,1.0,,,,,,,,,,,,,,,,,,,,,,,USD,,,,,False,,BTSICRBI Index;.BTSIDB2E;BTSIUECF Index,,Bloomberg;RIC;Bloomberg,,,,,,EUROPEAN,False,,,,,,,,Cash
16,728960247,727666307.0,MODI,TRAD,2023-08-26T02:02:32Z,False,EQ,Equity:Other,N,False,2023-08-04T15:32:28Z,2023-08-26,2024-08-06,,False,BILT,False,False,False,"18,000",,USD,,,,"18,000",,,,ACCY,,,,,,,,,,,,,,,,,,,,2024-08-06,,,,,"18,000.01049",ACCY,,,,,,,True,USD,1.0,,,,,,,,,,,,,,,,,,,,,,,USD,,,,,False,,BTSICRBI Index;.BTSIDB2E;BTSIUECF Index,,Bloomberg;RIC;Bloomberg,,,,,,EUROPEAN,False,,,,,,,,Cash
17,728960248,727666299.0,MODI,TRAD,2023-08-26T02:02:32Z,True,EQ,Equity:Other,N,False,2023-03-17T16:32:42Z,2023-08-26,2024-03-18,,False,BILT,False,False,False,"40,000",,USD,,,,"40,000",,,,ACCY,,,,,,,,,,,,,,,,,,,,2024-03-18,,,,,"40,000.11855",ACCY,,,,,,,False,USD,1.0,,,,,,,,,,,,,,,,,,,,,,,USD,,,,,False,,BTSICRBI Index;.BTSIDB2E;BTSIUECF Index,,Bloomberg;RIC;Bloomberg,,,,,,EUROPEAN,False,,,,,,,,Cash
18,728960249,727666297.0,MODI,TRAD,2023-08-26T02:02:32Z,False,EQ,Equity:Other,N,False,2023-07-14T14:12:58Z,2023-08-26,2024-07-15,,False,BILT,False,False,False,"22,000",,USD,,,,"22,000",,,,ACCY,,,,,,,,,,,,,,,,,,,,2024-07-15,,,,,"21,999.92235",ACCY,,,,,,,True,USD,1.0,,,,,,,,,,,,,,,,,,,,,,,USD,,,,,False,,BTSICRBI Index;.BTSIDB2E;BTSIUECF Index,,Bloomberg;RIC;Bloomberg,,,,,,EUROPEAN,False,,,,,,,,Cash
19,728960250,727666330.0,MODI,TRAD,2023-08-26T02:02:32Z,False,EQ,Equity:Other,N,False,2023-06-30T15:09:45Z,2023-08-26,2024-06-28,,False,BILT,False,False,False,"53,000",,USD,,,,"53,000",,,,ACCY,,,,,,,,,,,,,,,,,,,,2024-06-28,,,,,"52,999.93813",ACCY,,,,,,,True,USD,1.0,,,,,,,,,,,,,,,,,,,,,,,USD,,,,,False,,BTSICRBI Index;.BTSIDB2E;BTSIUECF Index,,Bloomberg;RIC;Bloomberg,,,,,,EUROPEAN,False,,,,,,,,Cash
20,728960251,727666331.0,MODI,TRAD,2023-08-26T02:02:32Z,True,EQ,Equity:Other,N,False,2023-01-13T19:05:46Z,2023-08-26,2024-01-16,,False,BILT,False,False,False,"18,000",,USD,,,,"18,000",,,,ACCY,,,,,,,,,,,,,,,,,,,,2024-01-16,,,,,"18,000.06444",ACCY,,,,,,,False,USD,1.0,,,,,,,,,,,,,,,,,,,,,,,USD,,,,,False,,BTSICRBI Index;.BTSIDB2E;BTSIUECF Index,,Bloomberg;RIC;Bloomberg,,,,,,EUROPEAN,False,,,,,,,,Cash
21,728960252,727666308.0,MODI,TRAD,2023-08-26T02:02:32Z,True,EQ,Equity:Other,N,False,2022-11-18T17:15:29Z,2023-08-26,2023-11-17,,False,BILT,False,False,False,"73,000",,USD,,,,"73,000",,,,ACCY,,,,,,,,,,,,,,,,,,,,2023-11-17,,,,,"72,999.94104",ACCY,,,,,,,False,USD,1.0,,,,,,,,,,,,,,,,,,,,,,,USD,,,,,False,,BTSICRBI Index;.BTSIDB2E;BTSIUECF Index,,Bloomberg;RIC;Bloomberg,,,,,,EUROPEAN,False,,,,,,,,Cash
22,728960253,727666340.0,MODI,TRAD,2023-08-26T02:02:32Z,True,EQ,Equity:Other,N,False,2023-04-14T15:54:52Z,2023-08-26,2024-04-12,,False,BILT,False,False,False,"62,000",,USD,,,,"62,000",,,,ACCY,,,,,,,,,,,,,,,,,,,,2024-04-12,,,,,"61,999.85052",ACCY,,,,,,,False,USD,1.0,,,,,,,,,,,,,,,,,,,,,,,USD,,,,,False,,BTSICRBI Index;.BTSIDB2E;BTSIUECF Index,,Bloomberg;RIC;Bloomberg,,,,,,EUROPEAN,False,,,,,,,,Cash
23,728960254,727666320.0,MODI,TRAD,2023-08-26T02:02:32Z,False,EQ,Equity:Other,N,False,2023-06-09T14:57:37Z,2023-08-26,2024-06-07,,False,BILT,False,False,False,"67,000",,USD,,,,"67,000",,,,ACCY,,,,,,,,,,,,,,,,,,,,2024-06-07,,,,,"67,000.16492",ACCY,,,,,,,True,USD,1.0,,,,,,,,,,,,,,,,,,,,,,,USD,,,,,False,,BTSICRBI Index;.BTSIDB2E;BTSIUECF Index,,Bloomberg;RIC;Bloomberg,,,,,,EUROPEAN,False,,,,,,,,Cash
24,728960255,727666319.0,MODI,TRAD,2023-08-26T02:02:32Z,True,EQ,Equity:Other,N,False,2023-03-17T16:32:42Z,2023-08-26,2024-03-19,,False,BILT,False,False,False,"31,000",,USD,,,,"31,000",,,,ACCY,,,,,,,,,,,,,,,,,,,,2024-03-19,,,,,"31,000.11552",ACCY,,,,,,,False,USD,1.0,,,,,,,,,,,,,,,,,,,,,,,USD,,,,,False,,BTSICRBI Index;.BTSIDB2E;BTSIUECF Index,,Bloomberg;RIC;Bloomberg,,,,,,EUROPEAN,False,,,,,,,,Cash
25,728960256,727666326.0,MODI,TRAD,2023-08-26T02:02:32Z,False,EQ,Equity:Other,N,False,2023-06-30T15:09:45Z,2023-08-26,2024-07-01,,False,BILT,False,False,False,"26,000",,USD,,,,"26,000",,,,ACCY,,,,,,,,,,,,,,,,,,,,2024-07-01,,,,,"26,000.0788",ACCY,,,,,,,True,USD,1.0,,,,,,,,,,,,,,,,,,,,,,,USD,,,,,False,,BTSICRBI Index;.BTSIDB2E;BTSIUECF Index,,Bloomberg;RIC;Bloomberg,,,,,,EUROPEAN,False,,,,,,,,Cash
26,728960257,727666318.0,MODI,TRAD,2023-08-26T02:02:32Z,False,EQ,Equity:Other,N,False,2023-06-09T14:57:37Z,2023-08-26,2024-06-10,,False,BILT,False,False,False,"44,000",,USD,,,,"44,000",,,,ACCY,,,,,,,,,,,,,,,,,,,,2024-06-10,,,,,"43,999.91529",ACCY,,,,,,,True,USD,1.0,,,,,,,,,,,,,,,,,,,,,,,USD,,,,,False,,BTSICRBI Index;.BTSIDB2E;BTSIUECF Index,,Bloomberg;RIC;Bloomberg,,,,,,EUROPEAN,False,,,,,,,,Cash
27,728960258,727666314.0,MODI,TRAD,2023-08-26T02:02:32Z,True,EQ,Equity:Other,N,False,2023-01-06T16:33:47Z,2023-08-26,2024-01-08,,False,BILT,False,False,False,"31,000",,USD,,,,"31,000",,,,ACCY,,,,,,,,,,,,,,,,,,,,2024-01-08,,,,,"30,999.97152",ACCY,,,,,,,False,USD,1.0,,,,,,,,,,,,,,,,,,,,,,,USD,,,,,False,,BTSICRBI Index;.BTSIDB2E;BTSIUECF Index,,Bloomberg;RIC;Bloomberg,,,,,,EUROPEAN,False,,,,,,,,Cash
28,728960259,727666310.0,MODI,TRAD,2023-08-26T02:02:32Z,False,EQ,Equity:Other,N,False,2023-07-21T15:55:46Z,2023-08-26,2024-07-19,,False,BILT,False,False,False,"48,000",,USD,,,,"48,000",,,,ACCY,,,,,,,,,,,,,,,,,,,,2024-07-19,,,,,"48,000.20906",ACCY,,,,,,,True,USD,1.0,,,,,,,,,,,,,,,,,,,,,,,USD,,,,,False,,BTSICRBI Index;.BTSIDB2E;BTSIUECF Index,,Bloomberg;RIC;Bloomberg,,,,,,EUROPEAN,False,,,,,,,,Cash
29,728960260,727666342.0,MODI,TRAD,2023-08-26T02:02:32Z,False,EQ,Equity:Other,N,False,2023-08-18T15:47:18Z,2023-08-26,2024-08-16,,False,BILT,False,False,False,"40,000",,USD,,,,"40,000",,,,ACCY,,,,,,,,,,,,,,,,,,,,2024-08-16,,,,,"40,000.196",ACCY,,,,,,,True,USD,1.0,,,,,,,,,,,,,,,,,,,,,,,USD,,,,,False,,BTSICRBI Index;.BTSIDB2E;BTSIUECF Index,,Bloomberg;RIC;Bloomberg,,,,,,EUROPEAN,False,,,,,,,,Cash
30,728960261,727666293.0,MODI,TRAD,2023-08-26T02:02:32Z,False,EQ,Equity:Other,N,False,2023-07-14T14:12:58Z,2023-08-26,2024-07-12,,False,BILT,False,False,False,"48,000",,USD,,,,"48,000",,,,ACCY,,,,,,,,,,,,,,,,,,,,2024-07-12,,,,,"47,999.90622",ACCY,,,,,,,True,USD,1.0,,,,,,,,,,,,,,,,,,,,,,,USD,,,,,False,,BTSICRBI Index;.BTSIDB2E;BTSIUECF Index,,Bloomberg;RIC;Bloomberg,,,,,,EUROPEAN,False,,,,,,,,Cash
31,728960262,727666300.0,MODI,TRAD,2023-08-26T02:02:32Z,False,EQ,Equity:Other,N,False,2023-07-21T15:55:46Z,2023-08-26,2024-07-23,,False,BILT,False,False,False,"18,000",,USD,,,,"18,000",,,,ACCY,,,,,,,,,,,,,,,,,,,,2024-07-23,,,,,"18,000.0135",ACCY,,,,,,,True,USD,1.0,,,,,,,,,,,,,,,,,,,,,,,USD,,,,,False,,BTSICRBI Index;.BTSIDB2E;BTSIUECF Index,,Bloomberg;RIC;Bloomberg,,,,,,EUROPEAN,False,,,,,,,,Cash
32,728960263,727666303.0,MODI,TRAD,2023-08-26T02:02:32Z,True,EQ,Equity:Other,N,False,2023-04-14T15:54:52Z,2023-08-26,2024-04-16,,False,BILT,False,False,False,"31,000",,USD,,,,"31,000",,,,ACCY,,,,,,,,,,,,,,,,,,,,2024-04-16,,,,,"30,999.92526",ACCY,,,,,,,False,USD,1.0,,,,,,,,,,,,,,,,,,,,,,,USD,,,,,False,,BTSICRBI Index;.BTSIDB2E;BTSIUECF Index,,Bloomberg;RIC;Bloomberg,,,,,,EUROPEAN,False,,,,,,,,Cash
33,728960264,727666301.0,MODI,TRAD,2023-08-26T02:02:32Z,False,EQ,Equity:Other,N,False,2023-06-09T14:57:37Z,2023-08-26,2024-06-11,,False,BILT,False,False,False,"13,000",,USD,,,,"13,000",,,,ACCY,,,,,,,,,,,,,,,,,,,,2024-06-11,,,,,"12,999.96616",ACCY,,,,,,,True,USD,1.0,,,,,,,,,,,,,,,,,,,,,,,USD,,,,,False,,BTSICRBI Index;.BTSIDB2E;BTSIUECF Index,,Bloomberg;RIC;Bloomberg,,,,,,EUROPEAN,False,,,,,,,,Cash
34,728960265,727666313.0,MODI,TRAD,2023-08-26T02:02:32Z,False,EQ,Equity:Other,N,False,2023-07-21T15:55:46Z,2023-08-26,2024-07-22,,False,BILT,False,False,False,"31,000",,USD,,,,"31,000",,,,ACCY,,,,,,,,,,,,,,,,,,,,2024-07-22,,,,,"31,000.023",ACCY,,,,,,,True,USD,1.0,,,,,,,,,,,,,,,,,,,,,,,USD,,,,,False,,BTSICRBI Index;.BTSIDB2E;BTSIUECF Index,,Bloomberg;RIC;Bloomberg,,,,,,EUROPEAN,False,,,,,,,,Cash
35,728960266,727666315.0,MODI,TRAD,2023-08-26T02:02:32Z,False,EQ,Equity:Other,N,False,2023-08-18T15:47:18Z,2023-08-26,2024-08-20,,False,BILT,False,False,False,"18,000",,USD,,,,"18,000",,,,ACCY,,,,,,,,,,,,,,,,,,,,2024-08-20,,,,,"17,999.93316",ACCY,,,,,,,True,USD,1.0,,,,,,,,,,,,,,,,,,,,,,,USD,,,,,False,,BTSICRBI Index;.BTSIDB2E;BTSIUECF Index,,Bloomberg;RIC;Bloomberg,,,,,,EUROPEAN,False,,,,,,,,Cash
36,728960267,727666306.0,MODI,TRAD,2023-08-26T02:02:32Z,True,EQ,Equity:Other,N,False,2023-03-17T16:32:42Z,2023-08-26,2024-03-15,,False,BILT,False,False,False,"58,000",,USD,,,,"58,000",,,,ACCY,,,,,,,,,,,,,,,,,,,,2024-03-15,,,,,"58,000.2099",ACCY,,,,,,,False,USD,1.0,,,,,,,,,,,,,,,,,,,,,,,USD,,,,,False,,BTSICRBI Index;.BTSIDB2E;BTSIUECF Index,,Bloomberg;RIC;Bloomberg,,,,,,EUROPEAN,False,,,,,,,,Cash
37,728960268,727666345.0,MODI,TRAD,2023-08-26T02:02:32Z,True,EQ,Equity:Other,N,False,2023-03-03T18:15:34Z,2023-08-26,2024-03-04,,False,BILT,False,False,False,"32,000",,USD,,,,"32,000",,,,ACCY,,,,,,,,,,,,,,,,,,,,2024-03-04,,,,,"32,000.06832",ACCY,,,,,,,False,USD,1.0,,,,,,,,,,,,,,,,,,,,,,,USD,,,,,False,,BTSICRBI Index;.BTSIDB2E;BTSIUECF Index,,Bloomberg;RIC;Bloomberg,,,,,,EUROPEAN,False,,,,,,,,Cash
38,728960269,727666323.0,MODI,TRAD,2023-08-26T02:02:32Z,True,EQ,Equity:Other,N,False,2023-01-13T19:05:46Z,2023-08-26,2024-01-12,,False,BILT,False,False,False,"81,000",,USD,,,,"81,000",,,,ACCY,,,,,,,,,,,,,,,,,,,,2024-01-12,,,,,"81,000.0917",ACCY,,,,,,,False,USD,1.0,,,,,,,,,,,,,,,,,,,,,,,USD,,,,,False,,BTSICRBI Index;.BTSIDB2E;BTSIUECF Index,,Bloomberg;RIC;Bloomberg,,,,,,EUROPEAN,False,,,,,,,,Cash
39,728960270,727666317.0,MODI,TRAD,2023-08-26T02:02:32Z,True,EQ,Equity:Other,N,False,2023-03-31T19:02:41Z,2023-08-26,2024-04-01,,False,BILT,False,False,False,"27,000",,USD,,,,"27,000",,,,ACCY,,,,,,,,,,,,,,,,,,,,2024-04-01,,,,,"27,000.0256",ACCY,,,,,,,False,USD,1.0,,,,,,,,,,,,,,,,,,,,,,,USD,,,,,False,,BTSICRBI Index;.BTSIDB2E;BTSIUECF Index,,Bloomberg;RIC;Bloomberg,,,,,,EUROPEAN,False,,,,,,,,Cash
40,728960271,727666321.0,MODI,TRAD,2023-08-26T02:02:32Z,True,EQ,Equity:Other,N,False,2022-11-18T17:15:29Z,2023-08-26,2023-11-20,,False,BILT,False,False,False,"27,000",,USD,,,,"27,000",,,,ACCY,,,,,,,,,,,,,,,,,,,,2023-11-20,,,,,"26,999.86971",ACCY,,,,,,,False,USD,1.0,,,,,,,,,,,,,,,,,,,,,,,USD,,,,,False,,BTSICRBI Index;.BTSIDB2E;BTSIUECF Index,,Bloomberg;RIC;Bloomberg,,,,,,EUROPEAN,False,,,,,,,,Cash
41,728960272,727666309.0,MODI,TRAD,2023-08-26T02:02:32Z,True,EQ,Equity:Other,N,False,2023-02-10T16:28:52Z,2023-08-26,2024-02-12,,False,BILT,False,False,False,"27,000",,USD,,,,"27,000",,,,ACCY,,,,,,,,,,,,,,,,,,,,2024-02-12,,,,,"27,000.08016",ACCY,,,,,,,False,USD,1.0,,,,,,,,,,,,,,,,,,,,,,,USD,,,,,False,,BTSICRBI Index;.BTSIDB2E;BTSIUECF Index,,Bloomberg;RIC;Bloomberg,,,,,,EUROPEAN,False,,,,,,,,Cash
42,728960273,727666305.0,MODI,TRAD,2023-08-26T02:02:32Z,True,EQ,Equity:Other,N,False,2023-02-10T16:28:52Z,2023-08-26,2024-02-09,,False,BILT,False,False,False,"81,000",,USD,,,,"81,000",,,,ACCY,,,,,,,,,,,,,,,,,,,,2024-02-09,,,,,"81,000.05689",ACCY,,,,,,,False,USD,1.0,,,,,,,,,,,,,,,,,,,,,,,USD,,,,,False,,BTSICRBI Index;.BTSIDB2E;BTSIUECF Index,,Bloomberg;RIC;Bloomberg,,,,,,EUROPEAN,False,,,,,,,,Cash
43,728960274,727666316.0,MODI,TRAD,2023-08-26T02:02:32Z,True,EQ,Equity:Other,N,False,2023-01-06T16:33:47Z,2023-08-26,2024-01-05,,False,BILT,False,False,False,"63,000",,USD,,,,"63,000",,,,ACCY,,,,,,,,,,,,,,,,,,,,2024-01-05,,,,,"62,999.93525",ACCY,,,,,,,False,USD,1.0,,,,,,,,,,,,,,,,,,,,,,,USD,,,,,False,,BTSICRBI Index;.BTSIDB2E;BTSIUECF Index,,Bloomberg;RIC;Bloomberg,,,,,,EUROPEAN,False,,,,,,,,Cash
44,728960275,727666302.0,MODI,TRAD,2023-08-26T02:02:32Z,False,EQ,Equity:Other,N,False,2023-05-26T14:47:51Z,2023-08-26,2024-05-24,,False,BILT,False,False,False,"180,000",,USD,,,,"180,000",,,,ACCY,,,,,,,,,,,,,,,,,,,,2024-05-24,,,,,"179,999.47864",ACCY,,,,,,,True,USD,1.0,,,,,,,,,,,,,,,,,,,,,,,USD,,,,,False,,BTSICRBI Index;.BTSIDB2E;BTSIUECF Index,,Bloomberg;RIC;Bloomberg,,,,,,EUROPEAN,False,,,,,,,,Cash
45,728960276,727666327.0,MODI,TRAD,2023-08-26T02:02:32Z,False,EQ,Equity:Other,N,False,2023-08-04T15:32:28Z,2023-08-26,2024-08-05,,False,BILT,False,False,False,"35,000",,USD,,,,"35,000",,,,ACCY,,,,,,,,,,,,,,,,,,,,2024-08-05,,,,,"35,000.08932",ACCY,,,,,,,True,USD,1.0,,,,,,,,,,,,,,,,,,,,,,,USD,,,,,False,,BTSICRBI Index;.BTSIDB2E;BTSIUECF Index,,Bloomberg;RIC;Bloomberg,,,,,,EUROPEAN,False,,,,,,,,Cash
46,728960277,727666324.0,MODI,TRAD,2023-08-26T02:02:32Z,True,EQ,Equity:Other,N,False,2023-05-12T15:27:01Z,2023-08-26,2024-05-14,,False,BILT,False,False,False,"27,000",,USD,,,,"27,000",,,,ACCY,,,,,,,,,,,,,,,,,,,,2024-05-14,,,,,"26,999.8749",ACCY,,,,,,,False,USD,1.0,,,,,,,,,,,,,,,,,,,,,,,USD,,,,,False,,BTSICRBI Index;.BTSIDB2E;BTSIUECF Index,,Bloomberg;RIC;Bloomberg,,,,,,EUROPEAN,False,,,,,,,,Cash
47,728960278,727666341.0,MODI,TRAD,2023-08-26T02:02:32Z,False,EQ,Equity:Other,N,False,2023-07-14T14:12:58Z,2023-08-26,2024-07-16,,False,BILT,False,False,False,"13,000",,USD,,,,"13,000",,,,ACCY,,,,,,,,,,,,,,,,,,,,2024-07-16,,,,,"13,000.01065",ACCY,,,,,,,True,USD,1.0,,,,,,,,,,,,,,,,,,,,,,,USD,,,,,False,,BTSICRBI Index;.BTSIDB2E;BTSIUECF Index,,Bloomberg;RIC;Bloomberg,,,,,,EUROPEAN,False,,,,,,,,Cash
48,728960279,727666328.0,MODI,TRAD,2023-08-26T02:02:32Z,True,EQ,Equity:Other,N,False,2023-04-14T15:54:52Z,2023-08-26,2024-04-15,,False,BILT,False,False,False,"31,000",,USD,,,,"31,000",,,,ACCY,,,,,,,,,,,,,,,,,,,,2024-04-15,,,,,"30,999.92526",ACCY,,,,,,,False,USD,1.0,,,,,,,,,,,,,,,,,,,,,,,USD,,,,,False,,BTSICRBI Index;.BTSIDB2E;BTSIUECF Index,,Bloomberg;RIC;Bloomberg,,,,,,EUROPEAN,False,,,,,,,,Cash
49,728960280,727666329.0,MODI,TRAD,2023-08-26T02:02:32Z,True,EQ,Equity:Other,N,False,2023-03-31T19:02:41Z,2023-08-26,2024-04-02,,False,BILT,False,False,False,"31,000",,USD,,,,"31,000",,,,ACCY,,,,,,,,,,,,,,,,,,,,2024-04-02,,,,,"30,999.98985",ACCY,,,,,,,False,USD,1.0,,,,,,,,,,,,,,,,,,,,,,,USD,,,,,False,,BTSICRBI Index;.BTSIDB2E;BTSIUECF Index,,Bloomberg;RIC;Bloomberg,,,,,,EUROPEAN,False,,,,,,,,Cash
50,728960312,,NEWT,TRAD,2023-08-25T11:56:02Z,,EQ,Equity:Swap:PriceReturnBasicPerformance:SingleIndex,N,False,2023-08-25T11:56:02Z,2023-08-30,2024-08-19,,False,BILT,False,False,False,5,,USD,,,,,,,,,,,,,,,,,,,,,,,,,,,,,,,,,,,,0.0055,,,,,True,,,,3.0,,,,,A004,,,,,,,,,DAIL,,,,1.0,,,USD,,,,,False,,.dMIAE00000NUS,,RIC,,,,,,,False,,,,,,,,Cash
51,728960849,728820783.0,CORR,,2023-08-26T08:58:31Z,False,EQ,Equity:Other,N,True,2023-08-26T08:58:31Z,2023-08-25,2029-08-27,,True,BILT,False,False,False,"1,000,000",,USD,,,,"1,700",,,,ACCY,,,,1000000.0,,2023-08-25,,,,1000000.0,,USD,,,,,,,,2029-08-27,,,"256,499.86385",USD,659.19,SHAS,,,USD,EUR,659.19,USD,False,USD,1.0,1.0,,3.0,,,,,,,,,,,,,,,,,,,,USD,,,,,False,,.DFAUSVS,,RIC,,,,,CALL,EUROPEAN,False,,,,,,,,
52,728969854,727118167.0,CORR,,2023-08-27T23:47:41Z,,EQ,Equity:Swap:PriceReturnBasicPerformance:SingleIndex,N,False,2023-08-24T09:10:37Z,2023-08-24,2024-02-28,,False,BILT,False,False,False,"780,000","780,000",USD,USD,,,855,862,,,SHAS,SHAS,,,,,,,,,,,,,,,,,,,,,,,,910.1523309849,ACCY,,,,,,,False,USD,1.0,,,,,,,A004,,DAIL,,1.0,,,,,MNTH,,,,1.0,,,USD,USD,,,,False,,.CSIN00905,,Index,,,,OPET,,,False,,,,,,,,Cash
53,728969855,727118163.0,CORR,,2023-08-27T23:47:41Z,,EQ,Equity:Swap:PriceReturnBasicPerformance:SingleIndex,N,False,2023-08-24T09:10:45Z,2023-08-24,2024-02-28,,False,BILT,False,False,False,"750,000","750,000",USD,USD,,,825,828,,,SHAS,SHAS,,,,,,,,,,,,,,,,,,,,,,,,910.1975946304,ACCY,,,,,,,False,USD,1.0,,,,,,,A004,,DAIL,,1.0,,,,,MNTH,,,,1.0,,,USD,USD,,,,False,,.CSIN00905,,Index,,,,OPET,,,False,,,,,,,,Cash
54,728969856,727118351.0,CORR,,2023-08-27T23:47:41Z,,EQ,Equity:Swap:PriceReturnBasicPerformance:SingleIndex,N,False,2023-08-24T09:10:45Z,2023-08-24,2024-02-28,,False,BILT,False,False,False,"9,000,000","9,000,000",USD,USD,,,"9,500","9,942",,,SHAS,SHAS,,,,,,,,,,,,,,,,,,,,,,,,944.9781798326,ACCY,,,,,,,False,USD,1.0,,,,,,,A004,,DAIL,,1.0,,,,,MNTH,,,,1.0,,,USD,USD,,,,False,,.CSIN00905,,Index,,,,OPET,,,False,,,,,,,,Cash
55,728969846,727197841.0,MODI,TRAD,2023-08-27T23:47:37Z,True,EQ,Equity:PortfolioSwap:PriceReturnBasicPerformance:SingleName,N,False,2023-08-03T06:28:42Z,2023-08-03,2024-10-31,,False,BILT,False,False,False,"1,000,000",,USD,,,,"440,000",,,,SHAS,,,,,,,,,,,,,,,,,,,,,,,,,16.483283686122,ACCY,,,,,,,False,CNY,1.0,,,,,,,,,,,,,,,,,,,,,,,USD,,,,,False,,CNE1000031P3,,ISIN,,,,,,,False,,,,,,,,Cash
56,728969847,728969818.0,EROR,,2023-08-27T23:47:10Z,,EQ,Equity:PortfolioSwap:PriceReturnBasicPerformance:SingleName,N,,2023-08-25T07:51:44Z,2023-08-25,2025-07-31,,False,BILT,False,,False,"870,000",,USD,,,,"310,000",,,,,,,,,,,,,,,,,,,,,,,,,,,,,20.475024389127,ACCY,,,,,,,False,CNY,1.0,,,,,,,,,,,,,,,,,,,,,,,USD,,,,,False,,CNE1000031P3,,ISIN,,,,,,,False,,,,,,,,
57,728969849,727197848.0,MODI,TRAD,2023-08-27T23:47:37Z,True,EQ,Equity:PortfolioSwap:PriceReturnBasicPerformance:SingleName,N,False,2023-08-03T06:28:42Z,2023-08-03,2025-07-31,,False,BILT,False,False,False,"2,000,000",,USD,,,,"530,000",,,,SHAS,,,,,,,,,,,,,,,,,,,,,,,,,27.4673447267948,ACCY,,,,,,,False,CNY,1.0,,,,,,,,,,,,,,,,,,,,,,,USD,,,,,False,,CNE1000031P3,,ISIN,,,,,,,False,,,,,,,,Cash
58,728969850,727197862.0,MODI,TRAD,2023-08-27T23:47:37Z,True,EQ,Equity:PortfolioSwap:PriceReturnBasicPerformance:SingleName,N,False,2023-08-03T06:28:42Z,2023-08-03,2024-10-31,,False,BILT,False,False,False,"1,000,000",,USD,,,,"440,000",,,,SHAS,,,,,,,,,,,,,,,,,,,,,,,,,16.483283686122,ACCY,,,,,,,False,CNY,1.0,,,,,,,,,,,,,,,,,,,,,,,USD,,,,,False,,CNE1000031P3,,ISIN,,,,,,,False,,,,,,,,Cash
59,728969852,727197850.0,MODI,TRAD,2023-08-27T23:47:38Z,True,EQ,Equity:PortfolioSwap:PriceReturnBasicPerformance:SingleName,N,False,2023-08-03T06:28:42Z,2023-08-03,2025-02-28,,False,BILT,False,False,False,"1,000,000",,USD,,,,"440,000",,,,SHAS,,,,,,,,,,,,,,,,,,,,,,,,,16.483283686122,ACCY,,,,,,,False,CNY,1.0,,,,,,,,,,,,,,,,,,,,,,,USD,,,,,False,,CNE1000031P3,,ISIN,,,,,,,False,,,,,,,,Cash
60,728969853,728969822.0,EROR,,2023-08-27T23:47:10Z,,EQ,Equity:PortfolioSwap:PriceReturnBasicPerformance:SingleName,N,,2023-08-25T07:51:44Z,2023-08-25,2024-10-31,,False,BILT,False,,False,"720,000",,USD,,,,"260,000",,,,,,,,,,,,,,,,,,,,,,,,,,,,,20.337281458,ACCY,,,,,,,False,CNY,1.0,,,,,,,,,,,,,,,,,,,,,,,USD,,,,,False,,CNE1000031P3,,ISIN,,,,,,,False,,,,,,,,
61,728969826,728969824.0,EROR,,2023-08-27T23:47:10Z,,EQ,Equity:PortfolioSwap:PriceReturnBasicPerformance:SingleName,N,,2023-08-25T07:51:44Z,2023-08-25,2025-02-28,,False,BILT,False,,False,"720,000",,USD,,,,"260,000",,,,,,,,,,,,,,,,,,,,,,,,,,,,,20.337281458,ACCY,,,,,,,False,CNY,1.0,,,,,,,,,,,,,,,,,,,,,,,USD,,,,,False,,CNE1000031P3,,ISIN,,,,,,,False,,,,,,,,
62,728969830,728969816.0,EROR,,2023-08-27T23:47:10Z,,EQ,Equity:PortfolioSwap:PriceReturnBasicPerformance:SingleName,N,,2023-08-25T07:51:44Z,2023-08-25,2026-02-17,,False,BILT,False,,False,"1,000,000",,USD,,,,"520,000",,,,,,,,,,,,,,,,,,,,,,,,,,,,,14.123151744,ACCY,,,,,,,False,CNY,1.0,,,,,,,,,,,,,,,,,,,,,,,USD,,,,,False,,CNE1000031P3,,ISIN,,,,,,,False,,,,,,,,
63,728969831,728969819.0,EROR,,2023-08-27T23:47:10Z,,EQ,Equity:PortfolioSwap:PriceReturnBasicPerformance:SingleName,N,,2023-08-25T07:51:44Z,2023-08-25,2025-07-31,,False,BILT,False,,False,"870,000",,USD,,,,"310,000",,,,,,,,,,,,,,,,,,,,,,,,,,,,,20.475024389127,ACCY,,,,,,,False,CNY,1.0,,,,,,,,,,,,,,,,,,,,,,,USD,,,,,False,,CNE1000031P3,,ISIN,,,,,,,False,,,,,,,,
64,728969834,727197855.0,MODI,TRAD,2023-08-27T23:47:37Z,True,EQ,Equity:PortfolioSwap:PriceReturnBasicPerformance:SingleName,N,False,2023-08-03T06:28:42Z,2023-08-03,2025-07-31,,False,BILT,False,False,False,"2,000,000",,USD,,,,"530,000",,,,SHAS,,,,,,,,,,,,,,,,,,,,,,,,,27.4673447267948,ACCY,,,,,,,False,CNY,1.0,,,,,,,,,,,,,,,,,,,,,,,USD,,,,,False,,CNE1000031P3,,ISIN,,,,,,,False,,,,,,,,Cash
65,728969835,727197856.0,MODI,TRAD,2023-08-27T23:47:37Z,True,EQ,Equity:PortfolioSwap:PriceReturnBasicPerformance:SingleName,N,False,2023-08-03T06:28:42Z,2023-08-03,2026-02-17,,False,BILT,False,False,False,"3,000,000",,USD,,,,"880,000",,,,SHAS,,,,,,,,,,,,,,,,,,,,,,,,,24.724925485179,ACCY,,,,,,,False,CNY,1.0,,,,,,,,,,,,,,,,,,,,,,,USD,,,,,False,,CNE1000031P3,,ISIN,,,,,,,False,,,,,,,,Cash
66,728969836,728969821.0,EROR,,2023-08-27T23:47:10Z,,EQ,Equity:PortfolioSwap:PriceReturnBasicPerformance:SingleName,N,,2023-08-25T07:51:44Z,2023-08-25,2024-10-31,,False,BILT,False,,False,"720,000",,USD,,,,"260,000",,,,,,,,,,,,,,,,,,,,,,,,,,,,,20.337281458,ACCY,,,,,,,False,CNY,1.0,,,,,,,,,,,,,,,,,,,,,,,USD,,,,,False,,CNE1000031P3,,ISIN,,,,,,,False,,,,,,,,
67,728969840,728969823.0,EROR,,2023-08-27T23:47:10Z,,EQ,Equity:PortfolioSwap:PriceReturnBasicPerformance:SingleName,N,,2023-08-25T07:51:44Z,2023-08-25,2025-02-28,,False,BILT,False,,False,"720,000",,USD,,,,"260,000",,,,,,,,,,,,,,,,,,,,,,,,,,,,,20.337281458,ACCY,,,,,,,False,CNY,1.0,,,,,,,,,,,,,,,,,,,,,,,USD,,,,,False,,CNE1000031P3,,ISIN,,,,,,,False,,,,,,,,
68,728969841,727197837.0,MODI,TRAD,2023-08-27T23:47:37Z,True,EQ,Equity:PortfolioSwap:PriceReturnBasicPerformance:SingleName,N,False,2023-08-03T06:28:42Z,2023-08-03,2025-02-28,,False,BILT,False,False,False,"1,000,000",,USD,,,,"440,000",,,,SHAS,,,,,,,,,,,,,,,,,,,,,,,,,16.483283686122,ACCY,,,,,,,False,CNY,1.0,,,,,,,,,,,,,,,,,,,,,,,USD,,,,,False,,CNE1000031P3,,ISIN,,,,,,,False,,,,,,,,Cash
69,728969824,,NEWT,TRAD,2023-08-27T23:47:10Z,,EQ,Equity:PortfolioSwap:PriceReturnBasicPerformance:SingleName,N,False,2023-08-25T07:51:44Z,2023-08-25,2025-02-28,,False,BILT,False,False,False,"720,000",,USD,,,,"260,000",,,,SHAS,,,,,,,,,,,,,,,,,,,,,,,,,20.337281458,ACCY,,,,,,,False,CNY,1.0,,,,,,,,,,,,,,,,,,,,,,,USD,,,,,False,,CNE1000031P3,,ISIN,,,,,,,False,,,,,,,,Cash
70,728969816,,NEWT,TRAD,2023-08-27T23:47:10Z,,EQ,Equity:PortfolioSwap:PriceReturnBasicPerformance:SingleName,N,False,2023-08-25T07:51:44Z,2023-08-25,2026-02-17,,False,BILT,False,False,False,"1,000,000",,USD,,,,"520,000",,,,SHAS,,,,,,,,,,,,,,,,,,,,,,,,,14.123151744,ACCY,,,,,,,False,CNY,1.0,,,,,,,,,,,,,,,,,,,,,,,USD,,,,,False,,CNE1000031P3,,ISIN,,,,,,,False,,,,,,,,Cash
71,728969818,,NEWT,TRAD,2023-08-27T23:47:10Z,,EQ,Equity:PortfolioSwap:PriceReturnBasicPerformance:SingleName,N,False,2023-08-25T07:51:44Z,2023-08-25,2025-07-31,,False,BILT,False,False,False,"870,000",,USD,,,,"310,000",,,,SHAS,,,,,,,,,,,,,,,,,,,,,,,,,20.475024389127,ACCY,,,,,,,False,CNY,1.0,,,,,,,,,,,,,,,,,,,,,,,USD,,,,,False,,CNE1000031P3,,ISIN,,,,,,,False,,,,,,,,Cash
72,728969819,,NEWT,TRAD,2023-08-27T23:47:10Z,,EQ,Equity:PortfolioSwap:PriceReturnBasicPerformance:SingleName,N,False,2023-08-25T07:51:44Z,2023-08-25,2025-07-31,,False,BILT,False,False,False,"870,000",,USD,,,,"310,000",,,,SHAS,,,,,,,,,,,,,,,,,,,,,,,,,20.475024389127,ACCY,,,,,,,False,CNY,1.0,,,,,,,,,,,,,,,,,,,,,,,USD,,,,,False,,CNE1000031P3,,ISIN,,,,,,,False,,,,,,,,Cash
73,728969821,,NEWT,TRAD,2023-08-27T23:47:10Z,,EQ,Equity:PortfolioSwap:PriceReturnBasicPerformance:SingleName,N,False,2023-08-25T07:51:44Z,2023-08-25,2024-10-31,,False,BILT,False,False,False,"720,000",,USD,,,,"260,000",,,,SHAS,,,,,,,,,,,,,,,,,,,,,,,,,20.337281458,ACCY,,,,,,,False,CNY,1.0,,,,,,,,,,,,,,,,,,,,,,,USD,,,,,False,,CNE1000031P3,,ISIN,,,,,,,False,,,,,,,,Cash
74,728969822,,NEWT,TRAD,2023-08-27T23:47:10Z,,EQ,Equity:PortfolioSwap:PriceReturnBasicPerformance:SingleName,N,False,2023-08-25T07:51:44Z,2023-08-25,2024-10-31,,False,BILT,False,False,False,"720,000",,USD,,,,"260,000",,,,SHAS,,,,,,,,,,,,,,,,,,,,,,,,,20.337281458,ACCY,,,,,,,False,CNY,1.0,,,,,,,,,,,,,,,,,,,,,,,USD,,,,,False,,CNE1000031P3,,ISIN,,,,,,,False,,,,,,,,Cash
75,728969823,,NEWT,TRAD,2023-08-27T23:47:10Z,,EQ,Equity:PortfolioSwap:PriceReturnBasicPerformance:SingleName,N,False,2023-08-25T07:51:44Z,2023-08-25,2025-02-28,,False,BILT,False,False,False,"720,000",,USD,,,,"260,000",,,,SHAS,,,,,,,,,,,,,,,,,,,,,,,,,20.337281458,ACCY,,,,,,,False,CNY,1.0,,,,,,,,,,,,,,,,,,,,,,,USD,,,,,False,,CNE1000031P3,,ISIN,,,,,,,False,,,,,,,,Cash
76,728969808,728537893.0,MODI,TRAD,2023-08-27T23:46:36Z,True,EQ,Equity:PortfolioSwap:PriceReturnBasicPerformance:Basket,N,False,2023-08-23T07:00:46Z,2023-08-23,2025-08-18,,False,BILT,False,False,False,"1,000,000",,USD,,,,"9,000",,,,LOTS,,,,,,,,,,,,,,,,,,,,,,,,,813.49046877,ACCY,,,,,,,False,CNY,1.0,,,,,,,,,,,,,,,,,,,,,,,USD,,,,,True,,,,Basket,,,,,,,False,,,,,,,,Cash
77,728969810,728537992.0,MODI,TRAD,2023-08-27T23:46:36Z,True,EQ,Equity:PortfolioSwap:PriceReturnBasicPerformance:Basket,N,False,2023-08-23T07:00:46Z,2023-08-23,2025-08-18,,False,BILT,False,False,False,"1,000,000",,USD,,,,"12,000",,,,LOTS,,,,,,,,,,,,,,,,,,,,,,,,,589.074325815,ACCY,,,,,,,False,CNY,1.0,,,,,,,,,,,,,,,,,,,,,,,USD,,,,,True,,,,Basket,,,,,,,False,,,,,,,,Cash
78,728969803,728969801.0,MODI,TRAD,2023-08-27T23:42:36Z,True,EQ,Equity:PortfolioSwap:PriceReturnBasicPerformance:SingleName,N,False,2023-07-27T05:52:05Z,2023-07-27,2024-07-26,,False,BILT,False,False,False,"790,000",,USD,,,,"98,000",,,,SHAS,,,,,,,,,,,,,,,,,,,,,,,,,57.460112,ACCY,,,,,,,False,CNY,1.0,,,,,,,,,,,,,,,,,,,,,,,USD,,,,,False,,CNE100002GC4,,ISIN,,,,,,,False,,,,,,,,Cash
79,728969796,728788238.0,MODI,TRAD,2023-08-27T23:42:36Z,True,EQ,Equity:PortfolioSwap:PriceReturnBasicPerformance:SingleName,N,False,2023-07-27T05:52:05Z,2023-07-27,2024-07-26,,False,BILT,False,False,False,"790,000",,USD,,,,"98,000",,,,SHAS,,,,,,,,,,,,,,,,,,,,,,,,,57.460112,ACCY,,,,,,,False,CNY,1.0,,,,,,,,,,,,,,,,,,,,,,,USD,,,,,False,,CNE100002GC4,,ISIN,,,,,,,False,,,,,,,,Cash
80,728969800,728788239.0,MODI,TRAD,2023-08-27T23:42:33Z,False,EQ,Equity:PortfolioSwap:PriceReturnBasicPerformance:SingleName,N,False,2023-08-16T07:00:02Z,2023-08-16,2025-06-12,,False,BILT,False,False,False,5,,USD,,,,5,,,,SHAS,,,,,,,,,,,,,,,,,,,,,,,,,24.269816907,ACCY,,,,,,,False,CNY,1.0,,,,,,,,,,,,,,,,,,,,,,,USD,,,,,False,,CNE100002SY3,,ISIN,,,,,,,False,,,,,,,,Cash
81,728969801,728788225.0,MODI,TRAD,2023-08-27T23:42:36Z,True,EQ,Equity:PortfolioSwap:PriceReturnBasicPerformance:SingleName,N,False,2023-07-27T05:52:05Z,2023-07-27,2024-07-26,,False,BILT,False,False,False,"230,000",,USD,,,,"29,000",,,,SHAS,,,,,,,,,,,,,,,,,,,,,,,,,56.567746,ACCY,,,,,,,False,CNY,1.0,,,,,,,,,,,,,,,,,,,,,,,USD,,,,,False,,CNE100002GC4,,ISIN,,,,,,,False,,,,,,,,Cash
82,728969794,728969793.0,MODI,TRAD,2023-08-27T23:41:21Z,True,EQ,Equity:PortfolioSwap:PriceReturnBasicPerformance:SingleName,N,False,2023-08-24T03:20:21Z,2023-08-24,2025-01-31,,False,BILT,False,False,False,"1,000,000",,USD,,,,"120,000",,,,SHAS,,,,,,,,,,,,,,,,,,,,,,,,,59.82454750791,ACCY,,,,,,,False,CNY,1.0,,,,,,,,,,,,,,,,,,,,,,,USD,,,,,False,,CNE1000031K4,,ISIN,,,,,,,False,,,,,,,,Cash
83,728969793,727696400.0,MODI,TRAD,2023-08-27T23:41:08Z,True,EQ,Equity:PortfolioSwap:PriceReturnBasicPerformance:SingleName,N,False,2023-08-24T03:20:21Z,2023-08-24,2025-01-31,,False,BILT,False,False,False,"500,000",,USD,,,,"47,000",,,,SHAS,,,,,,,,,,,,,,,,,,,,,,,,,77.95121133313,ACCY,,,,,,,False,CNY,1.0,,,,,,,,,,,,,,,,,,,,,,,USD,,,,,False,,CNE1000031K4,,ISIN,,,,,,,False,,,,,,,,Cash
84,728969788,691287954.0,MODI,TRAD,2023-08-27T23:34:00Z,True,EQ,Equity:Swap:PriceReturnBasicPerformance:SingleIndex,N,False,2023-02-27T23:01:00Z,2023-03-02,2024-02-28,,False,BILT,False,False,False,"4,000,000",,USD,,,,620,,,,SHAS,,,,,,,,,,,,,,,,,,,,,,,,,67.55177,IPNT,,,,,,,False,,3.0,3.0,,,,,A004,,MNTH,,3.0,,,,MNTH,,,,3.0,,,,,,,,,,False,,.dMIJP00000NUS,,RIC,,,,OPET,,,False,,,,,,,,
85,728969787,691287976.0,MODI,TRAD,2023-08-27T23:34:00Z,True,EQ,Equity:Swap:PriceReturnBasicPerformance:SingleIndex,N,False,2023-02-27T23:01:00Z,2023-03-02,2024-02-28,,False,BILT,False,False,False,"11,000,000",,USD,,,,"1,600",,,,SHAS,,,,,,,,,,,,,,,,,,,,,,,,,67.55177,IPNT,,,,,,,False,,3.0,3.0,,,,,A004,,MNTH,,3.0,,,,MNTH,,,,3.0,,,,,,,,,,False,,.dMIJP00000NUS,,RIC,,,,OPET,,,False,,,,,,,,
86,728969735,728884816.0,MODI,TRAD,2023-08-27T23:30:18Z,True,EQ,Equity:PortfolioSwap:PriceReturnBasicPerformance:SingleName,N,False,2020-05-29T19:59:40Z,2020-05-29,2024-02-21,,False,BILT,False,False,False,"68,000",,USD,,,,"98,000",,,,SHAS,,,,,,,,,,,,,,,,,,,,,,,,,15.3121225236,ACCY,,,,,,,False,MXN,1.0,,,,,,,,,,,,,,,,,,,,,,,USD,,,,,False,,MXP370641013,,ISIN,,,,,,,False,,,,,,,,Cash
87,728969236,728969214.0,CORR,,2023-07-17T15:21:16Z,,EQ,Equity:ContractForDifference:PriceReturnBasicPerformance:SingleName,N,False,2023-06-21T09:59:26Z,2023-06-21,2024-10-01,,False,XXXX,False,False,False,"4,600",,USD,,,,"5,900",,,,SHAS,SHAS,,,,,,,,,,,,,,,,,,,,,,,,0.78297932622,ACCY,,,,,,,True,USD,1.0,,4.0,,,,,A004,,,,,,,,,MNTH,,,,1.0,,,USD,,,,,False,,CA5408991019,,ISIN,,,,OPET,,,False,,,,,,,,Cash
88,728969214,728969213.0,MODI,TRAD,2023-08-25T22:42:46Z,True,EQ,Equity:ContractForDifference:PriceReturnBasicPerformance:SingleName,N,False,2023-06-21T09:59:26Z,2023-06-21,2024-10-01,,False,XXXX,False,False,False,"4,600",,USD,,,,"5,900",,,,SHAS,SHAS,,,,,,,,,,,,,,,,,,,,,,,,0.78297932622,ACCY,,,,,,,True,USD,1.0,,4.0,,,,,A004,,,,,,,,,MNTH,,,,1.0,,,USD,,,,,False,,CA5408991019,,ISIN,,,,OPET,,,False,,,,,,,,Cash
89,728969213,728969181.0,CORR,,2023-08-25T22:38:16Z,,EQ,Equity:ContractForDifference:PriceReturnBasicPerformance:SingleName,N,False,2023-06-21T09:59:26Z,2023-06-21,2024-10-01,,False,XXXX,False,False,False,"7,600",,USD,,,,"9,700",,,,SHAS,SHAS,,,,,,,,,,,,,,,,,,,,,,,,0.78318277674,ACCY,,,,,,,True,USD,1.0,,4.0,,,,,A004,,,,,,,,,MNTH,,,,1.0,,,USD,,,,,False,,CA5408991019,,ISIN,,,,OPET,,,False,,,,,,,,Cash
90,728969211,694150922.0,MODI,TRAD,2023-08-27T20:31:11Z,True,EQ,Equity:PortfolioSwap:PriceReturnBasicPerformance:SingleName,N,False,2023-06-29T06:30:02Z,2023-06-29,2024-01-11,,False,BILT,False,False,False,5,,USD,,,,5,,,,SHAS,,,,,,,,,,,,,,,,,,,,,,,,,726.64652116,ACCY,,,,,,,False,KRW,1.0,,,,,,,,,,,,,,,,,,,,,,,USD,,,,,False,,KR7010050003,,ISIN,,,,,,,False,,,,,,,,Cash
91,728969199,699154348.0,MODI,TRAD,2023-08-27T20:30:56Z,True,EQ,Equity:PortfolioSwap:PriceReturnBasicPerformance:SingleName,N,False,2023-04-12T06:30:06Z,2023-04-12,2025-04-11,,False,BILT,False,False,False,5,,USD,,,,5,,,,SHAS,,,,,,,,,,,,,,,,,,,,,,,,,"2,806.5607",ACCY,,,,,,,False,KRW,1.0,,,,,,,,,,,,,,,,,,,,,,,USD,,,,,False,,KR7298870007,,ISIN,,,,,,,False,,,,,,,,Cash
92,728969200,707245075.0,MODI,TRAD,2023-08-27T20:31:01Z,True,EQ,Equity:PortfolioSwap:PriceReturnBasicPerformance:SingleName,N,False,2023-08-03T06:30:12Z,2023-08-03,2024-10-31,,False,BILT,False,False,False,5,,USD,,,,5,,,,SHAS,,,,,,,,,,,,,,,,,,,,,,,,,707,ACCY,,,,,,,False,KRW,1.0,,,,,,,,,,,,,,,,,,,,,,,USD,,,,,False,,KR7010050003,,ISIN,,,,,,,False,,,,,,,,Cash
93,728969201,507223731.0,MODI,TRAD,2023-08-27T20:31:05Z,True,EQ,Equity:PortfolioSwap:PriceReturnBasicPerformance:SingleName,N,False,2022-11-18T02:03:47Z,2022-11-18,2024-11-14,,False,BILT,False,False,False,5,,USD,,,,5,,,,SHAS,,,,,,,,,,,,,,,,,,,,,,,,,770,ACCY,,,,,,,False,KRW,1.0,,,,,,,,,,,,,,,,,,,,,,,USD,,,,,False,,KR7010050003,,ISIN,,,,,,,False,,,,,,,,Cash
94,728969202,707245808.0,MODI,TRAD,2023-08-27T20:31:08Z,True,EQ,Equity:PortfolioSwap:PriceReturnBasicPerformance:SingleName,N,False,2023-08-03T06:30:12Z,2023-08-03,2023-11-20,,False,BILT,False,False,False,5,,USD,,,,5,,,,SHAS,,,,,,,,,,,,,,,,,,,,,,,,,707,ACCY,,,,,,,False,KRW,1.0,,,,,,,,,,,,,,,,,,,,,,,USD,,,,,False,,KR7010050003,,ISIN,,,,,,,False,,,,,,,,Cash
95,728969203,,NEWT,TRAD,2023-08-27T20:31:05Z,,EQ,Equity:PortfolioSwap:PriceReturnBasicPerformance:SingleName,N,False,2023-08-27T20:30:51Z,2023-08-27,2024-11-14,,False,BILT,False,False,False,"3,700",,USD,,,,400,,,,SHAS,,,,,,,,,,,,,,,,,,,,,,,,,9.22695936384,ACCY,,,,,,,False,KRW,1.0,,,,,,,,,,,,,,,,,,,,,,,USD,,,,,False,,KR7316140003,,ISIN,,,,,,,False,,,,,,,,Cash
96,728969204,711474427.0,MODI,TRAD,2023-08-27T20:30:59Z,True,EQ,Equity:PortfolioSwap:PriceReturnBasicPerformance:SingleName,N,False,2023-08-08T09:19:33Z,2023-08-08,2024-07-31,,False,BILT,False,False,False,5,,USD,,,,5,,,,SHAS,,,,,,,,,,,,,,,,,,,,,,,,,726,ACCY,,,,,,,False,KRW,1.0,,,,,,,,,,,,,,,,,,,,,,,USD,,,,,False,,KR7010050003,,ISIN,,,,,,,False,,,,,,,,Cash
97,728969206,408473922.0,MODI,TRAD,2023-08-27T20:30:59Z,True,EQ,Equity:PortfolioSwap:PriceReturnBasicPerformance:SingleName,N,False,2022-08-17T04:46:04Z,2022-08-17,2025-05-15,,False,BILT,False,False,False,5,,USD,,,,5,,,,SHAS,,,,,,,,,,,,,,,,,,,,,,,,,947,ACCY,,,,,,,False,KRW,1.0,,,,,,,,,,,,,,,,,,,,,,,USD,,,,,False,,KR7010050003,,ISIN,,,,,,,False,,,,,,,,Cash
98,728969207,707248664.0,MODI,TRAD,2023-08-27T20:31:08Z,True,EQ,Equity:PortfolioSwap:PriceReturnBasicPerformance:SingleName,N,False,2022-03-14T06:30:12Z,2022-03-14,2024-01-11,,False,BILT,False,False,False,"120,000",,USD,,,,"10,000",,,,SHAS,,,,,,,,,,,,,,,,,,,,,,,,,"14,317.427468649",ACCY,,,,,,,False,KRW,1.0,,,,,,,,,,,,,,,,,,,,,,,USD,,,,,False,,KR7316140003,,ISIN,,,,,,,False,,,,,,,,Cash
99,728969208,699130830.0,MODI,TRAD,2023-08-27T20:31:07Z,True,EQ,Equity:PortfolioSwap:PriceReturnBasicPerformance:SingleName,N,False,2021-11-23T05:40:25Z,2021-11-23,2023-11-20,,False,BILT,False,False,False,585,,USD,,,,50,,,,SHAS,,,,,,,,,,,,,,,,,,,,,,,,,"13,383.6651456198574",ACCY,,,,,,,False,KRW,1.0,,,,,,,,,,,,,,,,,,,,,,,USD,,,,,False,,KR7316140003,,ISIN,,,,,,,False,,,,,,,,Cash
100,728969192,711642357.0,MODI,TRAD,2023-08-27T20:30:59Z,True,EQ,Equity:PortfolioSwap:PriceReturnBasicPerformance:SingleName,N,False,2023-08-08T09:19:33Z,2023-08-08,2024-07-31,,False,BILT,False,False,False,"4,000,000",,USD,,,,"400,000",,,,SHAS,,,,,,,,,,,,,,,,,,,,,,,,,"12,868.2405",ACCY,,,,,,,False,KRW,1.0,,,,,,,,,,,,,,,,,,,,,,,USD,,,,,False,,KR7316140003,,ISIN,,,,,,,False,,,,,,,,Cash
101,728969193,725157578.0,MODI,TRAD,2023-08-27T20:31:06Z,True,EQ,Equity:PortfolioSwap:PriceReturnBasicPerformance:SingleName,N,False,2022-10-31T09:02:14Z,2022-10-31,2024-10-31,,False,BILT,False,False,False,"97,000",,USD,,,,"12,000",,,,SHAS,,,,,,,,,,,,,,,,,,,,,,,,,"11,757.1675",ACCY,,,,,,,False,KRW,1.0,,,,,,,,,,,,,,,,,,,,,,,USD,,,,,False,,KR7316140003,,ISIN,,,,,,,False,,,,,,,,Cash
102,728969195,707244742.0,MODI,TRAD,2023-08-27T20:31:00Z,True,EQ,Equity:PortfolioSwap:PriceReturnBasicPerformance:SingleName,N,False,2022-06-15T06:01:06Z,2022-06-15,2023-12-22,,False,BILT,False,False,False,5,,USD,,,,5,,,,SHAS,,,,,,,,,,,,,,,,,,,,,,,,,817.01180377,ACCY,,,,,,,False,KRW,1.0,,,,,,,,,,,,,,,,,,,,,,,USD,,,,,False,,KR7010050003,,ISIN,,,,,,,False,,,,,,,,Cash
103,728969196,663138169.0,MODI,TRAD,2023-08-27T20:31:02Z,True,EQ,Equity:PortfolioSwap:PriceReturnBasicPerformance:SingleName,N,False,2022-03-23T00:00:21Z,2022-03-23,2023-12-22,,False,BILT,False,False,False,"36,000",,USD,,,,"2,900",,,,SHAS,,,,,,,,,,,,,,,,,,,,,,,,,"14,920.7205",ACCY,,,,,,,False,KRW,1.0,,,,,,,,,,,,,,,,,,,,,,,USD,,,,,False,,KR7316140003,,ISIN,,,,,,,False,,,,,,,,Cash
104,728969198,,NEWT,TRAD,2023-08-27T20:30:59Z,,EQ,Equity:PortfolioSwap:PriceReturnBasicPerformance:SingleName,N,False,2023-08-27T20:30:51Z,2023-08-27,2025-05-15,,False,BILT,False,False,False,230,,USD,,,,25,,,,SHAS,,,,,,,,,,,,,,,,,,,,,,,,,8.5185142506,ACCY,,,,,,,False,KRW,1.0,,,,,,,,,,,,,,,,,,,,,,,USD,,,,,False,,KR7316140003,,ISIN,,,,,,,False,,,,,,,,Cash
105,728969181,728969160.0,MODI,TRAD,2023-08-25T22:37:30Z,True,EQ,Equity:ContractForDifference:PriceReturnBasicPerformance:SingleName,N,False,2023-06-21T09:59:26Z,2023-06-21,2024-10-01,,False,XXXX,False,False,False,"7,600",,USD,,,,"9,700",,,,SHAS,SHAS,,,,,,,,,,,,,,,,,,,,,,,,0.78318277674,ACCY,,,,,,,True,USD,1.0,,4.0,,,,,A004,,,,,,,,,MNTH,,,,1.0,,,USD,,,,,False,,CA5408991019,,ISIN,,,,OPET,,,False,,,,,,,,Cash
106,728969175,728968487.0,MODI,TRAD,2023-08-25T23:37:37Z,True,EQ,Equity:ContractForDifference:PriceReturnBasicPerformance:SingleName,N,False,2023-05-16T07:06:05Z,2023-05-18,2025-05-20,,False,XXXX,False,False,False,"2,000,000",,USD,,,,"83,000",,,,SHAS,SHAS,,,,,,,,,,,,,,,,,,,,,,,,24.0963329552737,ACCY,,,,,,,True,USD,1.0,,4.0,,,,,A004,,,,,,,,,MNTH,,,,1.0,,,USD,,,,,False,,TW0005269005,,ISIN,,,,OPET,,,False,,,,,,,,Cash
107,728969160,728929148.0,MODI,TRAD,2023-08-25T22:35:42Z,True,EQ,Equity:ContractForDifference:PriceReturnBasicPerformance:SingleName,N,False,2023-06-21T09:59:26Z,2023-06-21,2024-10-01,,False,XXXX,False,False,False,"4,200",,USD,,,,"9,700",,,,SHAS,SHAS,,,,,,,,,,,,,,,,,,,,,,,,0.4328130444214,ACCY,,,,,,,True,USD,1.0,,4.0,,,,,A004,,,,,,,,,MNTH,,,,1.0,,,USD,,,,,False,,CA5408991019,,ISIN,,,,OPET,,,False,,,,,,,,Cash
108,728968927,,NEWT,TRAD,2023-08-25T09:05:23Z,,EQ,Equity:ContractForDifference:PriceReturnBasicPerformance:SingleName,N,False,2023-08-25T09:05:23Z,2023-08-25,2033-08-25,,False,XXXX,False,False,False,"34,000",,USD,,,,"43,000",,,,SHAS,SHAS,,,,,,,,,,,,,,,,,,,,,,,,0.7852218497,ACCY,,,,,,,True,USD,1.0,,,,,,,,,,,,,,,,,,,,,,,USD,,,,,False,,HAPS.KL,,RIC,,,,,,,False,,,,,,,,Cash
109,728968928,,NEWT,TRAD,2023-08-25T10:06:08Z,,EQ,Equity:ContractForDifference:PriceReturnBasicPerformance:SingleName,N,False,2023-08-25T10:06:08Z,2023-08-25,2033-08-25,,False,XXXX,False,False,False,"27,000",,USD,,,,410,,,,SHAS,SHAS,,,,,,,,,,,,,,,,,,,,,,,,65.53412863244,ACCY,,,,,,,True,USD,1.0,,,,,,,,,,,,,,,,,,,,,,,USD,,,,,False,,GILE.NS,,RIC,,,,,,,False,,,,,,,,Cash
110,728968929,728917295.0,EROR,,2023-08-25T09:46:16Z,,EQ,Equity:ContractForDifference:PriceReturnBasicPerformance:SingleName,,,2023-08-25T09:46:16Z,2023-08-25,2033-08-25,,,,,,False,,,,,,,,,,,,,,,,,,,,,,,,,,,,,,,,,,,,,,,,,,,,,,,,,,,,,,,,,,,,,,,,,,,,,,,,,,,,,,,,,,,,,,,,,,,,,
111,728968930,728917296.0,EROR,,2023-08-25T10:06:08Z,,EQ,Equity:ContractForDifference:PriceReturnBasicPerformance:SingleName,,,2023-08-25T10:06:08Z,2023-08-25,2033-08-25,,,,,,False,,,,,,,,,,,,,,,,,,,,,,,,,,,,,,,,,,,,,,,,,,,,,,,,,,,,,,,,,,,,,,,,,,,,,,,,,,,,,,,,,,,,,,,,,,,,,
112,728968931,728917297.0,EROR,,2023-08-25T09:05:23Z,,EQ,Equity:ContractForDifference:PriceReturnBasicPerformance:SingleName,,,2023-08-25T09:05:23Z,2023-08-25,2033-08-25,,,,,,False,,,,,,,,,,,,,,,,,,,,,,,,,,,,,,,,,,,,,,,,,,,,,,,,,,,,,,,,,,,,,,,,,,,,,,,,,,,,,,,,,,,,,,,,,,,,,
113,728968932,728565099.0,TERM,ETRM,2023-08-25T14:39:19Z,,EQ,Equity:ContractForDifference:PriceReturnBasicPerformance:Basket,,,2023-08-25T14:39:19Z,2023-08-25,2033-08-25,,,,,,False,,,,,,,,,,,,,,,,,,,,,,,,,,,,,,,,,,,,,,,,,,,,,,,,,,,,,,,,,,,,,,,,,,,,,,,,,,,,,,,,,,,,,,,,,,,,,
114,728968933,727607035.0,EROR,,2023-08-24T15:01:19Z,,EQ,Equity:ContractForDifference:PriceReturnBasicPerformance:SingleName,,,2023-08-24T15:01:19Z,2023-08-24,2033-08-24,,,,,,False,,,,,,,,,,,,,,,,,,,,,,,,,,,,,,,,,,,,,,,,,,,,,,,,,,,,,,,,,,,,,,,,,,,,,,,,,,,,,,,,,,,,,,,,,,,,,
115,728968934,723090211.0,EROR,,2023-08-21T10:15:27Z,,EQ,Equity:ContractForDifference:PriceReturnBasicPerformance:SingleName,,,2023-08-21T10:15:27Z,2023-08-21,2033-08-21,,,,,,False,,,,,,,,,,,,,,,,,,,,,,,,,,,,,,,,,,,,,,,,,,,,,,,,,,,,,,,,,,,,,,,,,,,,,,,,,,,,,,,,,,,,,,,,,,,,,
116,728968935,728796712.0,TERM,ETRM,2023-08-25T17:12:09Z,,EQ,Equity:ContractForDifference:PriceReturnBasicPerformance:Basket,,,2023-08-25T17:12:09Z,2023-08-25,2033-08-25,,,,,,False,,,,,,,,,,,,,,,,,,,,,,,,,,,,,,,,,,,,,,,,,,,,,,,,,,,,,,,,,,,,,,,,,,,,,,,,,,,,,,,,,,,,,,,,,,,,,
117,728968489,727664870.0,MODI,TRAD,2023-08-25T23:41:36Z,True,EQ,Equity:ContractForDifference:PriceReturnBasicPerformance:SingleName,N,False,2023-08-21T21:17:08Z,2023-08-23,2024-10-02,,False,XXXX,False,False,False,5,,USD,,,,5,,,,SHAS,SHAS,,,,,,,,,,,,,,,,,,,,,,,,0,ACCY,,,,,,,True,USD,1.0,,4.0,,,,,A004,,,,,,,,,MNTH,,,,1.0,,,USD,,,,,False,,BRIRBRACNOR4,,ISIN,,,,OPET,,,False,,,,,,,,Cash
118,728968490,,NEWT,TRAD,2023-08-26T00:03:00Z,,EQ,Equity:Swap:PriceReturnBasicPerformance:SingleName,N,False,2023-08-26T00:03:00Z,2023-08-25,2024-08-28,,False,XXXX,False,False,False,"330,000",,USD,,,,"3,000,000",,,,SHAS,SHAS,,,,,,,,,,,,,,,,,,,,,,,,0.1204869265,ACCY,,,,,,,True,USD,1.0,,,,,,,,,,,,,,,,,,,,,,,,,,,,False,,ENELAM.SN,,RIC,,,,,,,False,,,,,,,,
119,728968491,727664722.0,MODI,TRAD,2023-08-25T23:29:56Z,True,EQ,Equity:ContractForDifference:PriceReturnBasicPerformance:SingleName,N,False,2023-08-11T21:17:06Z,2023-08-15,2024-10-02,,False,XXXX,False,False,False,"290,000",,USD,,,,"79,000",,,,SHAS,SHAS,,,,,,,,,,,,,,,,,,,,,,,,3.6708926768499,ACCY,,,,,,,True,USD,1.0,,4.0,,,,,A004,,,,,,,,,MNTH,,,,1.0,,,USD,,,,,False,,BRBLAUACNOR8,,ISIN,,,,OPET,,,False,,,,,,,,Cash
120,728968492,,NEWT,TRAD,2023-08-26T00:00:00Z,,EQ,Equity:Swap:PriceReturnBasicPerformance:SingleName,N,False,2023-08-26T00:00:00Z,2023-08-25,2024-08-28,,False,XXXX,False,False,False,"95,000",,USD,,,,"25,000",,,,SHAS,SHAS,,,,,,,,,,,,,,,,,,,,,,,,3.7357292232,ACCY,,,,,,,True,USD,1.0,,,,,,,,,,,,,,,,,,,,,,,,,,,,False,,ISA.CN,,RIC,,,,,,,False,,,,,,,,
121,728968493,722303977.0,MODI,TRAD,2023-08-25T23:37:47Z,True,EQ,Equity:ContractForDifference:PriceReturnBasicPerformance:SingleName,N,False,2023-06-21T21:17:06Z,2023-06-23,2024-10-02,,False,XXXX,False,False,False,"270,000",,USD,,,,"130,000",,,,SHAS,SHAS,,,,,,,,,,,,,,,,,,,,,,,,2.0658035401403,ACCY,,,,,,,True,USD,1.0,,4.0,,,,,A004,,,,,,,,,MNTH,,,,1.0,,,USD,,,,,False,,BRMATDACNOR4,,ISIN,,,,OPET,,,False,,,,,,,,Cash
122,728968494,,NEWT,TRAD,2023-08-25T23:41:33Z,,EQ,Equity:ContractForDifference:PriceReturnBasicPerformance:SingleName,N,False,2023-08-23T20:38:31Z,2023-08-25,2026-08-19,,False,XXXX,False,False,False,"110,000",,USD,,,,"23,000",,,,SHAS,SHAS,,,,,,,,,,,,,,,,,,,,,,,,4.830510448,ACCY,,,,,,,True,USD,1.0,,4.0,,,,,A004,,,,,,,,,MNTH,,,,1.0,,,USD,,,,,False,,BRRECVACNOR3,,ISIN,,,,OPET,,,False,,,,,,,,Cash
123,728968495,726327784.0,MODI,TRAD,2023-08-25T23:31:24Z,True,EQ,Equity:ContractForDifference:PriceReturnBasicPerformance:SingleName,N,False,2023-07-26T20:25:32Z,2023-07-28,2033-07-28,,False,XXXX,False,False,False,"1,700",,USD,,,,"1,100",,,,SHAS,SHAS,,,,,,,,,,,,,,,,,,,,,,,,1.54545843276,ACCY,,,,,,,True,USD,1.0,,4.0,,,,,A004,,,,,,,,,MNTH,,,,1.0,,,USD,,,,,False,,BRGUARACNOR4,,ISIN,,,,OPET,,,False,,,,,,,,Cash
124,728968496,,NEWT,TRAD,2023-08-25T23:39:31Z,,EQ,Equity:ContractForDifference:PriceReturnBasicPerformance:SingleName,N,False,2023-08-23T20:40:22Z,2023-08-25,2027-09-17,,False,XXXX,False,False,False,"8,500",,USD,,,,280,,,,SHAS,SHAS,,,,,,,,,,,,,,,,,,,,,,,,30.14187830101,ACCY,,,,,,,True,USD,1.0,,4.0,,,,,A004,,,,,,,,,MNTH,,,,1.0,,,USD,,,,,False,,CA14042M1023,,ISIN,,,,OPET,,,False,,,,,,,,Cash
125,728968497,727664868.0,MODI,TRAD,2023-08-25T23:25:19Z,True,EQ,Equity:ContractForDifference:PriceReturnBasicPerformance:SingleName,N,False,2023-06-12T21:17:25Z,2023-06-14,2024-10-02,,False,XXXX,False,False,False,"200,000",,USD,,,,"58,000",,,,SHAS,SHAS,,,,,,,,,,,,,,,,,,,,,,,,3.4782547861743,ACCY,,,,,,,True,USD,1.0,,4.0,,,,,A004,,,,,,,,,MNTH,,,,1.0,,,USD,,,,,False,,BRVLIDACNOR5,,ISIN,,,,OPET,,,False,,,,,,,,Cash
126,728968498,,NEWT,TRAD,2023-08-25T23:35:12Z,,EQ,Equity:ContractForDifference:PriceReturnBasicPerformance:SingleName,N,False,2023-08-23T20:40:22Z,2023-08-25,2027-09-17,,False,XXXX,False,False,False,"8,500",,USD,,,,760,,,,SHAS,SHAS,,,,,,,,,,,,,,,,,,,,,,,,11.213715338,ACCY,,,,,,,True,USD,1.0,,4.0,,,,,A004,,,,,,,,,MNTH,,,,1.0,,,USD,,,,,False,,CA55903Q1046,,ISIN,,,,OPET,,,False,,,,,,,,Cash
127,728968499,727664873.0,MODI,TRAD,2023-08-25T23:39:07Z,True,EQ,Equity:ContractForDifference:PriceReturnBasicPerformance:SingleName,N,False,2023-05-24T21:16:59Z,2023-05-26,2024-10-02,,False,XXXX,False,False,False,"300,000",,USD,,,,"140,000",,,,SHAS,SHAS,,,,,,,,,,,,,,,,,,,,,,,,2.2123820055019,ACCY,,,,,,,True,USD,1.0,,4.0,,,,,A004,,,,,,,,,MNTH,,,,1.0,,,USD,,,,,False,,BRMEGAACNOR9,,ISIN,,,,OPET,,,False,,,,,,,,Cash
128,728968500,727664867.0,MODI,TRAD,2023-08-25T23:38:09Z,True,EQ,Equity:ContractForDifference:PriceReturnBasicPerformance:SingleName,N,False,2023-05-25T21:16:50Z,2023-05-29,2024-10-02,,False,XXXX,False,False,False,"110,000",,USD,,,,"44,000",,,,SHAS,SHAS,,,,,,,,,,,,,,,,,,,,,,,,2.49999087762,ACCY,,,,,,,True,USD,1.0,,4.0,,,,,A004,,,,,,,,,MNTH,,,,1.0,,,USD,,,,,False,,BRVITTACNOR4,,ISIN,,,,OPET,,,False,,,,,,,,Cash
129,728968501,,NEWT,TRAD,2023-08-25T23:42:24Z,,EQ,Equity:ContractForDifference:PriceReturnBasicPerformance:SingleName,N,False,2023-08-23T20:40:36Z,2023-08-25,2027-09-17,,False,XXXX,False,False,False,"8,300",,USD,,,,175,,,,SHAS,SHAS,,,,,,,,,,,,,,,,,,,,,,,,47.15887090596,ACCY,,,,,,,True,USD,1.0,,4.0,,,,,A004,,,,,,,,,MNTH,,,,1.0,,,USD,,,,,False,,CA8667961053,,ISIN,,,,OPET,,,False,,,,,,,,Cash
130,728968502,,NEWT,TRAD,2023-08-25T23:35:57Z,,EQ,Equity:ContractForDifference:PriceReturnBasicPerformance:SingleName,N,False,2023-08-23T20:40:22Z,2023-08-25,2027-09-17,,False,XXXX,False,False,False,"8,300",,USD,,,,285,,,,SHAS,SHAS,,,,,,,,,,,,,,,,,,,,,,,,29.12285277282,ACCY,,,,,,,True,USD,1.0,,4.0,,,,,A004,,,,,,,,,MNTH,,,,1.0,,,USD,,,,,False,,CA3759161035,,ISIN,,,,OPET,,,False,,,,,,,,Cash
131,728968503,727664728.0,MODI,TRAD,2023-08-25T23:31:50Z,True,EQ,Equity:ContractForDifference:PriceReturnBasicPerformance:SingleName,N,False,2023-08-03T21:17:45Z,2023-08-07,2024-10-02,,False,XXXX,False,False,False,"530,000",,USD,,,,"190,000",,,,SHAS,SHAS,,,,,,,,,,,,,,,,,,,,,,,,2.7561186708661,ACCY,,,,,,,True,USD,1.0,,4.0,,,,,A004,,,,,,,,,MNTH,,,,1.0,,,USD,,,,,False,,BRTENDACNOR4,,ISIN,,,,OPET,,,False,,,,,,,,Cash
132,728968451,,NEWT,TRAD,2023-08-25T23:16:28Z,,EQ,Equity:ContractForDifference:PriceReturnBasicPerformance:SingleName,N,False,2023-08-23T20:39:25Z,2023-08-25,2026-08-19,,False,XXXX,False,False,False,"120,000",,USD,,,,"69,000",,,,SHAS,SHAS,,,,,,,,,,,,,,,,,,,,,,,,1.748561355,ACCY,,,,,,,True,USD,1.0,,4.0,,,,,A004,,,,,,,,,MNTH,,,,1.0,,,USD,,,,,False,,BRSBFGACNOR1,,ISIN,,,,OPET,,,False,,,,,,,,Cash
133,728968452,,NEWT,TRAD,2023-08-25T23:24:48Z,,EQ,Equity:ContractForDifference:PriceReturnBasicPerformance:SingleName,N,False,2023-08-23T20:38:31Z,2023-08-25,2026-08-19,,False,XXXX,False,False,False,"20,000",,USD,,,,"10,000",,,,SHAS,SHAS,,,,,,,,,,,,,,,,,,,,,,,,1.971018564,ACCY,,,,,,,True,USD,1.0,,4.0,,,,,A004,,,,,,,,,MNTH,,,,1.0,,,USD,,,,,False,,MXCFTE0B0005,,ISIN,,,,OPET,,,False,,,,,,,,Cash
134,728968453,727664731.0,MODI,TRAD,2023-08-25T23:30:33Z,True,EQ,Equity:ContractForDifference:PriceReturnBasicPerformance:SingleName,N,False,2023-08-16T21:16:58Z,2023-08-18,2024-10-02,,False,XXXX,False,False,False,"830,000",,USD,,,,"520,000",,,,SHAS,SHAS,,,,,,,,,,,,,,,,,,,,,,,,1.6116471268077,ACCY,,,,,,,True,USD,1.0,,4.0,,,,,A004,,,,,,,,,MNTH,,,,1.0,,,USD,,,,,False,,BRGOLLACNPR4,,ISIN,,,,OPET,,,False,,,,,,,,Cash
135,728968454,,NEWT,TRAD,2023-08-25T23:42:39Z,,EQ,Equity:ContractForDifference:PriceReturnBasicPerformance:SingleName,N,False,2023-08-23T20:40:36Z,2023-08-25,2027-09-17,,False,XXXX,False,False,False,"8,400",,USD,,,,125,,,,SHAS,SHAS,,,,,,,,,,,,,,,,,,,,,,,,67.19992391721,ACCY,,,,,,,True,USD,1.0,,4.0,,,,,A004,,,,,,,,,MNTH,,,,1.0,,,USD,,,,,False,,CA85472N1096,,ISIN,,,,OPET,,,False,,,,,,,,Cash
136,728968455,,NEWT,TRAD,2023-08-26T13:26:22Z,,EQ,Equity:ContractForDifference:PriceReturnBasicPerformance:SingleName,N,False,2023-08-23T20:40:36Z,2023-08-25,2027-09-17,,False,XXXX,False,False,False,"14,000",,USD,,,,"2,700",,,,SHAS,SHAS,,,,,,,,,,,,,,,,,,,,,,,,5.255272852,ACCY,,,,,,,True,USD,1.0,,4.0,,,,,A004,,,,,,,,,MNTH,,,,1.0,,,USD,,,,,False,,BRAGROACNOR7,,ISIN,,,,OPET,,,False,,,,,,,,Cash
137,728968456,,NEWT,TRAD,2023-08-26T00:03:00Z,,EQ,Equity:Swap:PriceReturnBasicPerformance:SingleName,N,False,2023-08-26T00:03:00Z,2023-08-25,2024-08-28,,False,XXXX,False,False,False,"1,600",,USD,,,,260,,,,SHAS,SHAS,,,,,,,,,,,,,,,,,,,,,,,,6.1302905148,ACCY,,,,,,,True,USD,1.0,,,,,,,,,,,,,,,,,,,,,,,,,,,,False,,ILC.SN,,RIC,,,,,,,False,,,,,,,,
138,728968457,727664729.0,MODI,TRAD,2023-08-25T23:33:33Z,True,EQ,Equity:ContractForDifference:PriceReturnBasicPerformance:SingleName,N,False,2023-08-07T20:25:25Z,2023-08-09,2033-08-10,,False,XXXX,False,False,False,425,,USD,,,,100,,,,SHAS,SHAS,,,,,,,,,,,,,,,,,,,,,,,,4.24999018944,ACCY,,,,,,,True,USD,1.0,,4.0,,,,,A004,,,,,,,,,MNTH,,,,1.0,,,USD,,,,,False,,BRBLAUACNOR8,,ISIN,,,,OPET,,,False,,,,,,,,Cash
139,728968458,,NEWT,TRAD,2023-08-26T00:00:00Z,,EQ,Equity:Swap:PriceReturnBasicPerformance:SingleName,N,False,2023-08-26T00:00:00Z,2023-08-25,2024-08-28,,False,XXXX,False,False,False,"170,000",,USD,,,,"26,000",,,,SHAS,SHAS,,,,,,,,,,,,,,,,,,,,,,,,6.5512950294,ACCY,,,,,,,True,USD,1.0,,,,,,,,,,,,,,,,,,,,,,,,,,,,False,,BIC_p1.CN,,RIC,,,,,,,False,,,,,,,,
140,728968459,,NEWT,TRAD,2023-08-25T23:36:36Z,,EQ,Equity:ContractForDifference:PriceReturnBasicPerformance:SingleName,N,False,2023-08-23T20:40:36Z,2023-08-25,2027-09-17,,False,XXXX,False,False,False,"8,200",,USD,,,,10,,,,SHAS,SHAS,,,,,,,,,,,,,,,,,,,,,,,,820.0018360102,ACCY,,,,,,,True,USD,1.0,,4.0,,,,,A004,,,,,,,,,MNTH,,,,1.0,,,USD,,,,,False,,CA3039011026,,ISIN,,,,OPET,,,False,,,,,,,,Cash
141,728968460,727664692.0,MODI,TRAD,2023-08-25T23:24:12Z,True,EQ,Equity:ContractForDifference:PriceReturnBasicPerformance:SingleName,N,False,2023-06-20T20:26:46Z,2023-06-22,2033-06-23,,False,XXXX,False,False,False,"96,000",,USD,,,,"100,000",,,,SHAS,SHAS,,,,,,,,,,,,,,,,,,,,,,,,0.9230754016685,ACCY,,,,,,,True,USD,1.0,,4.0,,,,,A004,,,,,,,,,MNTH,,,,1.0,,,USD,,,,,False,,BRCIELACNOR3,,ISIN,,,,OPET,,,False,,,,,,,,Cash
142,728968461,727664682.0,MODI,TRAD,2023-08-25T23:33:05Z,True,EQ,Equity:ContractForDifference:PriceReturnBasicPerformance:SingleName,N,False,2023-06-23T21:17:22Z,2023-06-27,2024-10-02,,False,XXXX,False,False,False,"3,000,000",,USD,,,,"560,000",,,,SHAS,SHAS,,,,,,,,,,,,,,,,,,,,,,,,5.3361988404713,ACCY,,,,,,,True,USD,1.0,,4.0,,,,,A004,,,,,,,,,MNTH,,,,1.0,,,USD,,,,,False,,BRRADLACNOR0,,ISIN,,,,OPET,,,False,,,,,,,,Cash
143,728968462,721003984.0,MODI,TRAD,2023-08-25T23:43:45Z,True,EQ,Equity:ContractForDifference:PriceReturnBasicPerformance:SingleName,N,False,2023-08-04T21:17:19Z,2023-08-08,2024-10-02,,False,XXXX,False,False,False,5,,USD,,,,5,,,,SHAS,SHAS,,,,,,,,,,,,,,,,,,,,,,,,0,ACCY,,,,,,,True,USD,1.0,,4.0,,,,,A004,,,,,,,,,MNTH,,,,1.0,,,USD,,,,,False,,BRDXCOACNOR8,,ISIN,,,,OPET,,,False,,,,,,,,Cash
144,728968463,,NEWT,TRAD,2023-08-25T23:36:09Z,,EQ,Equity:ContractForDifference:PriceReturnBasicPerformance:SingleName,N,False,2023-08-18T20:26:09Z,2023-08-22,2026-08-19,,False,XXXX,False,False,False,"140,000",,USD,,,,"130,000",,,,SHAS,SHAS,,,,,,,,,,,,,,,,,,,,,,,,1.08765447,ACCY,,,,,,,True,USD,1.0,,4.0,,,,,A004,,,,,,,,,MNTH,,,,1.0,,,USD,,,,,False,,BRLJQQACNOR5,,ISIN,,,,OPET,,,False,,,,,,,,Cash
145,728968464,,NEWT,TRAD,2023-08-25T23:29:21Z,,EQ,Equity:ContractForDifference:PriceReturnBasicPerformance:SingleName,N,False,2023-08-10T20:27:20Z,2023-08-14,2026-08-19,,False,XXXX,False,False,False,"50,000",,USD,,,,"44,000",,,,SHAS,SHAS,,,,,,,,,,,,,,,,,,,,,,,,1.13081236554,ACCY,,,,,,,True,USD,1.0,,4.0,,,,,A004,,,,,,,,,MNTH,,,,1.0,,,USD,,,,,False,,BRLJQQACNOR5,,ISIN,,,,OPET,,,False,,,,,,,,Cash
146,728968465,,NEWT,TRAD,2023-08-25T23:41:35Z,,EQ,Equity:ContractForDifference:PriceReturnBasicPerformance:SingleName,N,False,2023-08-23T20:40:36Z,2023-08-25,2027-09-17,,False,XXXX,False,False,False,"8,500",,USD,,,,575,,,,SHAS,SHAS,,,,,,,,,,,,,,,,,,,,,,,,14.73141385635,ACCY,,,,,,,True,USD,1.0,,4.0,,,,,A004,,,,,,,,,MNTH,,,,1.0,,,USD,,,,,False,,CA7847301032,,ISIN,,,,OPET,,,False,,,,,,,,Cash
147,728968466,,NEWT,TRAD,2023-08-26T00:00:00Z,,EQ,Equity:Swap:PriceReturnBasicPerformance:SingleName,N,False,2023-08-26T00:00:00Z,2023-08-25,2024-08-28,,False,XXXX,False,False,False,"100,000",,USD,,,,"15,000",,,,SHAS,SHAS,,,,,,,,,,,,,,,,,,,,,,,,6.8366686027,ACCY,,,,,,,True,USD,1.0,,,,,,,,,,,,,,,,,,,,,,,,,,,,False,,BIC.CN,,RIC,,,,,,,False,,,,,,,,
148,728968467,727664874.0,MODI,TRAD,2023-08-25T23:25:26Z,True,EQ,Equity:ContractForDifference:PriceReturnBasicPerformance:SingleName,N,False,2023-08-21T21:17:08Z,2023-08-23,2024-10-02,,False,XXXX,False,False,False,"250,000",,USD,,,,"240,000",,,,SHAS,SHAS,,,,,,,,,,,,,,,,,,,,,,,,1.0451537242783,ACCY,,,,,,,True,USD,1.0,,4.0,,,,,A004,,,,,,,,,MNTH,,,,1.0,,,USD,,,,,False,,BRZAMPACNOR5,,ISIN,,,,OPET,,,False,,,,,,,,Cash
149,728968468,,NEWT,TRAD,2023-08-25T23:27:07Z,,EQ,Equity:ContractForDifference:PriceReturnBasicPerformance:SingleName,N,False,2023-08-23T20:40:36Z,2023-08-25,2027-09-17,,False,XXXX,False,False,False,"8,400",,USD,,,,95,,,,SHAS,SHAS,,,,,,,,,,,,,,,,,,,,,,,,89.3612605704,ACCY,,,,,,,True,USD,1.0,,4.0,,,,,A004,,,,,,,,,MNTH,,,,1.0,,,USD,,,,,False,,CA7800871021,,ISIN,,,,OPET,,,False,,,,,,,,Cash
150,728968469,,NEWT,TRAD,2023-08-25T23:29:27Z,,EQ,Equity:ContractForDifference:PriceReturnBasicPerformance:SingleName,N,False,2023-08-23T20:40:22Z,2023-08-25,2027-09-17,,False,XXXX,False,False,False,"8,300",,USD,,,,"1,600",,,,SHAS,SHAS,,,,,,,,,,,,,,,,,,,,,,,,5.1907431177,ACCY,,,,,,,True,USD,1.0,,4.0,,,,,A004,,,,,,,,,MNTH,,,,1.0,,,USD,,,,,False,,CA65340P1062,,ISIN,,,,OPET,,,False,,,,,,,,Cash
151,728968470,,NEWT,TRAD,2023-08-25T23:40:16Z,,EQ,Equity:ContractForDifference:PriceReturnBasicPerformance:SingleName,N,False,2023-08-23T20:40:36Z,2023-08-25,2027-09-17,,False,XXXX,False,False,False,"8,400",,USD,,,,890,,,,SHAS,SHAS,,,,,,,,,,,,,,,,,,,,,,,,9.44881012145,ACCY,,,,,,,True,USD,1.0,,4.0,,,,,A004,,,,,,,,,MNTH,,,,1.0,,,USD,,,,,False,,CA45790B1040,,ISIN,,,,OPET,,,False,,,,,,,,Cash
152,728968471,699045896.0,MODI,TRAD,2023-08-25T23:44:27Z,True,EQ,Equity:ContractForDifference:PriceReturnBasicPerformance:SingleName,N,False,2023-05-08T20:47:00Z,2023-05-10,2028-05-10,,False,XXXX,False,False,False,"170,000",,USD,,,,"41,000",,,,SHAS,SHAS,,,,,,,,,,,,,,,,,,,,,,,,4.17690935384,ACCY,,,,,,,True,USD,1.0,,4.0,,,,,A004,,,,,,,,,MNTH,,,,1.0,,,USD,,,,,False,,CA0585861085,,ISIN,,,,OPET,,,False,,,,,,,,Cash
153,728968472,,NEWT,TRAD,2023-08-25T23:38:30Z,,EQ,Equity:ContractForDifference:PriceReturnBasicPerformance:SingleName,N,False,2023-08-23T20:38:29Z,2023-08-25,2026-08-19,,False,XXXX,False,False,False,"17,000",,USD,,,,"1,800",,,,SHAS,SHAS,,,,,,,,,,,,,,,,,,,,,,,,9.703168125,ACCY,,,,,,,True,USD,1.0,,4.0,,,,,A004,,,,,,,,,MNTH,,,,1.0,,,USD,,,,,False,,BRLOGNACNOR3,,ISIN,,,,OPET,,,False,,,,,,,,Cash
154,728968473,,NEWT,TRAD,2023-08-25T23:33:56Z,,EQ,Equity:ContractForDifference:PriceReturnBasicPerformance:SingleName,N,False,2023-08-23T20:40:36Z,2023-08-25,2027-09-17,,False,XXXX,False,False,False,"8,300",,USD,,,,100,,,,SHAS,SHAS,,,,,,,,,,,,,,,,,,,,,,,,81.3728557302,ACCY,,,,,,,True,USD,1.0,,4.0,,,,,A004,,,,,,,,,MNTH,,,,1.0,,,USD,,,,,False,,CA8911021050,,ISIN,,,,OPET,,,False,,,,,,,,Cash
155,728968474,,NEWT,TRAD,2023-08-25T23:33:28Z,,EQ,Equity:ContractForDifference:PriceReturnBasicPerformance:SingleName,N,False,2023-08-23T20:38:28Z,2023-08-25,2026-08-19,,False,XXXX,False,False,False,"48,000",,USD,,,,"5,300",,,,SHAS,SHAS,,,,,,,,,,,,,,,,,,,,,,,,9.0395514,ACCY,,,,,,,True,USD,1.0,,4.0,,,,,A004,,,,,,,,,MNTH,,,,1.0,,,USD,,,,,False,,BRIRBRACNOR4,,ISIN,,,,OPET,,,False,,,,,,,,Cash
156,728968475,,NEWT,TRAD,2023-08-25T23:35:39Z,,EQ,Equity:ContractForDifference:PriceReturnBasicPerformance:SingleName,N,False,2023-08-23T20:40:36Z,2023-08-25,2027-09-17,,False,XXXX,False,False,False,"8,500",,USD,,,,715,,,,SHAS,SHAS,,,,,,,,,,,,,,,,,,,,,,,,11.90479567492,ACCY,,,,,,,True,USD,1.0,,4.0,,,,,A004,,,,,,,,,MNTH,,,,1.0,,,USD,,,,,False,,CA8119161054,,ISIN,,,,OPET,,,False,,,,,,,,Cash
157,728968476,,NEWT,TRAD,2023-08-25T23:28:17Z,,EQ,Equity:ContractForDifference:PriceReturnBasicPerformance:SingleName,N,False,2023-08-23T20:40:22Z,2023-08-25,2027-09-17,,False,XXXX,False,False,False,"8,300",,USD,,,,"1,100",,,,SHAS,SHAS,,,,,,,,,,,,,,,,,,,,,,,,7.5454660041,ACCY,,,,,,,True,USD,1.0,,4.0,,,,,A004,,,,,,,,,MNTH,,,,1.0,,,USD,,,,,False,,CA86828P1036,,ISIN,,,,OPET,,,False,,,,,,,,Cash
158,728968477,727664683.0,MODI,TRAD,2023-08-25T23:37:57Z,True,EQ,Equity:ContractForDifference:PriceReturnBasicPerformance:SingleName,N,False,2023-08-23T09:59:48Z,2023-08-23,2024-10-02,,False,XXXX,False,False,False,5,,USD,,,,"40,000",,,,SHAS,SHAS,,,,,,,,,,,,,,,,,,,,,,,,0,ACCY,,,,,,,True,USD,1.0,,4.0,,,,,A004,,,,,,,,,MNTH,,,,1.0,,,USD,,,,,False,,BREXCOBDR000,,ISIN,,,,OPET,,,False,,,,,,,,Cash
159,728968478,,NEWT,TRAD,2023-08-25T23:36:56Z,,EQ,Equity:ContractForDifference:PriceReturnBasicPerformance:SingleName,N,False,2023-08-23T20:40:36Z,2023-08-25,2027-09-17,,False,XXXX,False,False,False,"8,300",,USD,,,,245,,,,SHAS,SHAS,,,,,,,,,,,,,,,,,,,,,,,,34.1565154098,ACCY,,,,,,,True,USD,1.0,,4.0,,,,,A004,,,,,,,,,MNTH,,,,1.0,,,USD,,,,,False,,CA36168Q1046,,ISIN,,,,OPET,,,False,,,,,,,,Cash
160,728968479,,NEWT,TRAD,2023-08-25T23:32:21Z,,EQ,Equity:ContractForDifference:PriceReturnBasicPerformance:SingleName,N,False,2023-08-23T20:40:36Z,2023-08-25,2027-09-17,,False,XXXX,False,False,False,"8,200",,USD,,,,"1,000",,,,SHAS,SHAS,,,,,,,,,,,,,,,,,,,,,,,,8.06289741992,ACCY,,,,,,,True,USD,1.0,,4.0,,,,,A004,,,,,,,,,MNTH,,,,1.0,,,USD,,,,,False,,CA92663R1055,,ISIN,,,,OPET,,,False,,,,,,,,Cash
161,728968480,727664724.0,MODI,TRAD,2023-08-25T23:30:06Z,True,EQ,Equity:ContractForDifference:PriceReturnBasicPerformance:SingleName,N,False,2023-08-10T21:17:22Z,2023-08-14,2024-10-02,,False,XXXX,False,False,False,"2,000,000",,USD,,,,"550,000",,,,SHAS,SHAS,,,,,,,,,,,,,,,,,,,,,,,,3.6549716199294,ACCY,,,,,,,True,USD,1.0,,4.0,,,,,A004,,,,,,,,,MNTH,,,,1.0,,,USD,,,,,False,,BRUGPAACNOR8,,ISIN,,,,OPET,,,False,,,,,,,,Cash
162,728968481,725891156.0,MODI,TRAD,2023-08-25T23:35:48Z,True,EQ,Equity:ContractForDifference:PriceReturnBasicPerformance:SingleName,N,False,2023-08-16T21:17:11Z,2023-08-18,2024-10-02,,False,XXXX,False,False,False,5,,USD,,,,5,,,,SHAS,SHAS,,,,,,,,,,,,,,,,,,,,,,,,0,ACCY,,,,,,,True,USD,1.0,,4.0,,,,,A004,,,,,,,,,MNTH,,,,1.0,,,USD,,,,,False,,BRSBFGACNOR1,,ISIN,,,,OPET,,,False,,,,,,,,Cash
163,728968482,,NEWT,TRAD,2023-08-25T23:32:29Z,,EQ,Equity:ContractForDifference:PriceReturnBasicPerformance:SingleName,N,False,2023-08-23T20:40:22Z,2023-08-25,2027-09-17,,False,XXXX,False,False,False,"8,500",,USD,,,,60,,,,SHAS,SHAS,,,,,,,,,,,,,,,,,,,,,,,,141.66730214104,ACCY,,,,,,,True,USD,1.0,,4.0,,,,,A004,,,,,,,,,MNTH,,,,1.0,,,USD,,,,,False,,CA3518581051,,ISIN,,,,OPET,,,False,,,,,,,,Cash
164,728968483,,NEWT,TRAD,2023-08-25T23:46:16Z,,EQ,Equity:ContractForDifference:PriceReturnBasicPerformance:SingleName,N,False,2023-08-23T20:40:36Z,2023-08-25,2027-09-17,,False,XXXX,False,False,False,"8,300",,USD,,,,210,,,,SHAS,SHAS,,,,,,,,,,,,,,,,,,,,,,,,39.5239262029,ACCY,,,,,,,True,USD,1.0,,4.0,,,,,A004,,,,,,,,,MNTH,,,,1.0,,,USD,,,,,False,,CA7751092007,,ISIN,,,,OPET,,,False,,,,,,,,Cash
165,728968484,727664733.0,MODI,TRAD,2023-08-25T23:35:25Z,True,EQ,Equity:ContractForDifference:PriceReturnBasicPerformance:SingleName,N,False,2023-07-17T21:17:49Z,2023-07-19,2024-10-02,,False,XXXX,False,False,False,"140,000",,USD,,,,"85,000",,,,SHAS,SHAS,,,,,,,,,,,,,,,,,,,,,,,,1.63934900815,ACCY,,,,,,,True,USD,1.0,,4.0,,,,,A004,,,,,,,,,MNTH,,,,1.0,,,USD,,,,,False,,BRLIGTACNOR2,,ISIN,,,,OPET,,,False,,,,,,,,Cash
166,728968485,726327787.0,MODI,TRAD,2023-08-25T23:38:20Z,True,EQ,Equity:ContractForDifference:PriceReturnBasicPerformance:SingleName,N,False,2023-06-26T21:17:36Z,2023-06-28,2024-10-02,,False,XXXX,False,False,False,"950,000",,USD,,,,"750,000",,,,SHAS,SHAS,,,,,,,,,,,,,,,,,,,,,,,,1.269036488485,ACCY,,,,,,,True,USD,1.0,,4.0,,,,,A004,,,,,,,,,MNTH,,,,1.0,,,USD,,,,,False,,BRLJQQACNOR5,,ISIN,,,,OPET,,,False,,,,,,,,Cash
167,728968486,727664719.0,MODI,TRAD,2023-08-25T23:32:04Z,True,EQ,Equity:ContractForDifference:PriceReturnBasicPerformance:SingleName,N,False,2023-08-16T21:16:58Z,2023-08-18,2024-10-02,,False,XXXX,False,False,False,"770,000",,USD,,,,"290,000",,,,SHAS,SHAS,,,,,,,,,,,,,,,,,,,,,,,,2.6533403803765,ACCY,,,,,,,True,USD,1.0,,4.0,,,,,A004,,,,,,,,,MNTH,,,,1.0,,,USD,,,,,False,,BRTTENACNOR0,,ISIN,,,,OPET,,,False,,,,,,,,Cash
168,728968487,728695598.0,CORR,,2023-08-25T16:26:52Z,,EQ,Equity:ContractForDifference:PriceReturnBasicPerformance:SingleName,N,False,2023-05-16T07:06:05Z,2023-05-18,2025-05-20,,False,XXXX,False,False,False,"2,000,000",,USD,,,,"83,000",,,,SHAS,SHAS,,,,,,,,,,,,,,,,,,,,,,,,24.0963329552737,ACCY,,,,,,,True,USD,1.0,,4.0,,,,,A004,,,,,,,,,MNTH,,,,1.0,,,USD,,,,,False,,TW0005269005,,ISIN,,,,OPET,,,False,,,,,,,,Cash
169,728968488,727664727.0,MODI,TRAD,2023-08-25T23:38:32Z,True,EQ,Equity:ContractForDifference:PriceReturnBasicPerformance:SingleName,N,False,2023-07-25T21:17:56Z,2023-07-27,2024-10-02,,False,XXXX,False,False,False,"160,000",,USD,,,,"190,000",,,,SHAS,SHAS,,,,,,,,,,,,,,,,,,,,,,,,0.8479090633697,ACCY,,,,,,,True,USD,1.0,,4.0,,,,,A004,,,,,,,,,MNTH,,,,1.0,,,USD,,,,,False,,BRPGMNACNOR8,,ISIN,,,,OPET,,,False,,,,,,,,Cash
170,728969733,727927991.0,MODI,TRAD,2023-08-27T23:28:40Z,False,EQ,Equity:PortfolioSwap:PriceReturnBasicPerformance:SingleName,N,False,2023-04-14T09:01:36Z,2023-04-14,2025-04-15,,False,BILT,False,False,False,"3,000,000",,USD,,,,"11,000",,,,SHAS,,,,,,,,,,,,,,,,,,,,,,,,,"368,198.1",ACCY,,,,,,,False,KRW,1.0,,,,,,,,,,,,,,,,,,,,,,,USD,,,,,False,,KR7128940004,,ISIN,,,,,,,False,,,,,,,,Cash
171,728969672,727665134.0,MODI,TRAD,2023-08-27T22:51:21Z,True,EQ,Equity:PortfolioSwap:PriceReturnBasicPerformance:SingleName,N,False,2022-06-22T16:11:54Z,2022-06-22,2024-06-17,,False,BILT,False,False,False,"2,000,000",,USD,,,,"390,000",,,,SHAS,,,,,,,,,,,,,,,,,,,,,,,,,22.5977596002792,ACCY,,,,,,,False,PLN,1.0,,,,,,,,,,,,,,,,,,,,,,,USD,,,,,False,,PLCFRPT00013,,ISIN,,,,,,,False,,,,,,,,Cash
172,728969670,727665138.0,MODI,TRAD,2023-08-27T22:50:24Z,True,EQ,Equity:PortfolioSwap:PriceReturnBasicPerformance:SingleName,N,False,2022-07-14T16:01:30Z,2022-07-14,2024-07-18,,False,BILT,False,False,False,"480,000",,USD,,,,"110,000",,,,SHAS,,,,,,,,,,,,,,,,,,,,,,,,,20.3546574739548,ACCY,,,,,,,False,PLN,1.0,,,,,,,,,,,,,,,,,,,,,,,USD,,,,,False,,PLCFRPT00013,,ISIN,,,,,,,False,,,,,,,,Cash
173,728969669,727665146.0,MODI,TRAD,2023-08-27T22:50:25Z,True,EQ,Equity:PortfolioSwap:PriceReturnBasicPerformance:SingleName,N,False,2022-12-16T17:08:48Z,2022-12-16,2024-12-18,,False,BILT,False,False,False,"600,000",,USD,,,,"150,000",,,,SHAS,,,,,,,,,,,,,,,,,,,,,,,,,17.3739980596104,ACCY,,,,,,,False,PLN,1.0,,,,,,,,,,,,,,,,,,,,,,,USD,,,,,False,,PLCFRPT00013,,ISIN,,,,,,,False,,,,,,,,Cash
174,728969387,724872364.0,CORR,,2023-08-22T18:37:28Z,,EQ,Equity:Other,N,False,2021-08-24T18:48:48Z,2019-12-19,2024-12-23,,False,BILT,False,False,False,"300,000","240,000",USD,USD,,,,,,,SHAS,SHAS,,,,,,,,,,,,,,,,,,,,,,0.0,,,,,,,,,,False,,,,,,NARR,,,,,,,,,,,,,,,,,,,USD,USD,,,,False,,US2605661048;US2605661048;US2605661048;US2605661048;INDU Index;INDU Index;INDU Index;INDU Index,,ISIN;ISIN;ISIN;ISIN;Bloomberg;Bloomberg;Bloomberg;Bloomberg,,,,,CALL,EUROPEAN,False,,,,,,,,Cash
175,728969388,724872364.0,CORR,,2023-08-22T18:37:28Z,,EQ,Equity:Other,N,False,2021-08-24T18:48:48Z,2019-12-19,2024-12-23,,False,BILT,False,False,False,"300,000","240,000",USD,USD,,,,,,,SHAS,SHAS,,,,,,,,,,,,,,,,,,,,,,0.0,,,,,,,,,,False,,,,,,NARR,,,,,,,,,,,,,,,,,,,USD,USD,,,,False,,US2605661048;US2605661048;US2605661048;US2605661048;INDU Index;INDU Index;INDU Index;INDU Index,,ISIN;ISIN;ISIN;ISIN;Bloomberg;Bloomberg;Bloomberg;Bloomberg,,,,,CALL,EUROPEAN,False,,,,,,,,Cash
176,728969389,724872364.0,CORR,,2023-08-22T18:37:28Z,,EQ,Equity:Other,N,False,2021-08-24T18:48:48Z,2019-12-19,2024-12-23,,False,BILT,False,False,False,"300,000","240,000",USD,USD,,,,,,,SHAS,SHAS,,,,,,,,,,,,,,,,,,,,,,0.0,,,,,,,,,,False,,,,,,NARR,,,,,,,,,,,,,,,,,,,USD,USD,,,,False,,US2605661048;US2605661048;US2605661048;US2605661048;INDU Index;INDU Index;INDU Index;INDU Index,,ISIN;ISIN;ISIN;ISIN;Bloomberg;Bloomberg;Bloomberg;Bloomberg,,,,,CALL,EUROPEAN,False,,,,,,,,Cash
177,728969390,724872364.0,CORR,,2023-08-22T18:37:28Z,,EQ,Equity:Other,N,False,2021-08-24T18:48:48Z,2019-12-19,2024-12-23,,False,BILT,False,False,False,"300,000","240,000",USD,USD,,,,,,,SHAS,SHAS,,,,,,,,,,,,,,,,,,,,,,0.0,,,,,,,,,,False,,,,,,NARR,,,,,,,,,,,,,,,,,,,USD,USD,,,,False,,US2605661048;US2605661048;US2605661048;US2605661048;INDU Index;INDU Index;INDU Index;INDU Index,,ISIN;ISIN;ISIN;ISIN;Bloomberg;Bloomberg;Bloomberg;Bloomberg,,,,,CALL,EUROPEAN,False,,,,,,,,Cash
178,728969391,724872364.0,CORR,,2023-08-22T18:37:28Z,,EQ,Equity:Other,N,False,2021-08-24T18:48:48Z,2019-12-19,2024-12-23,,False,BILT,False,False,False,"300,000","240,000",USD,USD,,,,,,,SHAS,SHAS,,,,,,,,,,,,,,,,,,,,,,0.0,,,,,,,,,,False,,,,,,NARR,,,,,,,,,,,,,,,,,,,USD,USD,,,,False,,US2605661048;US2605661048;US2605661048;US2605661048;INDU Index;INDU Index;INDU Index;INDU Index,,ISIN;ISIN;ISIN;ISIN;Bloomberg;Bloomberg;Bloomberg;Bloomberg,,,,,CALL,EUROPEAN,False,,,,,,,,Cash
179,728969392,724872364.0,CORR,,2023-08-22T18:37:28Z,,EQ,Equity:Other,N,False,2021-08-24T18:48:48Z,2019-12-19,2024-12-23,,False,BILT,False,False,False,"300,000","240,000",USD,USD,,,,,,,SHAS,SHAS,,,,,,,,,,,,,,,,,,,,,,0.0,,,,,,,,,,False,,,,,,NARR,,,,,,,,,,,,,,,,,,,USD,USD,,,,False,,US2605661048;US2605661048;US2605661048;US2605661048;INDU Index;INDU Index;INDU Index;INDU Index,,ISIN;ISIN;ISIN;ISIN;Bloomberg;Bloomberg;Bloomberg;Bloomberg,,,,,CALL,EUROPEAN,False,,,,,,,,Cash
180,728969393,724872364.0,CORR,,2023-08-22T18:37:28Z,,EQ,Equity:Other,N,False,2021-08-24T18:48:48Z,2019-12-19,2024-12-23,,False,BILT,False,False,False,"300,000","240,000",USD,USD,,,,,,,SHAS,SHAS,,,,,,,,,,,,,,,,,,,,,,0.0,,,,,,,,,,False,,,,,,NARR,,,,,,,,,,,,,,,,,,,USD,USD,,,,False,,US2605661048;US2605661048;US2605661048;US2605661048;INDU Index;INDU Index;INDU Index;INDU Index,,ISIN;ISIN;ISIN;ISIN;Bloomberg;Bloomberg;Bloomberg;Bloomberg,,,,,CALL,EUROPEAN,False,,,,,,,,Cash
181,728969256,728969236.0,MODI,TRAD,2023-08-25T22:43:22Z,True,EQ,Equity:ContractForDifference:PriceReturnBasicPerformance:SingleName,N,False,2023-06-21T09:59:26Z,2023-06-21,2024-10-01,,False,XXXX,False,False,False,5,,USD,,,,5,,,,SHAS,SHAS,,,,,,,,,,,,,,,,,,,,,,,,1.66666665984,ACCY,,,,,,,True,USD,1.0,,4.0,,,,,A004,,,,,,,,,MNTH,,,,1.0,,,USD,,,,,False,,CA5408991019,,ISIN,,,,OPET,,,False,,,,,,,,Cash
182,728967812,,NEWT,TRAD,2023-08-25T09:46:16Z,,EQ,Equity:ContractForDifference:PriceReturnBasicPerformance:SingleName,N,False,2023-08-25T09:46:16Z,2023-08-25,2033-08-25,,False,XXXX,False,False,False,"4,900",,USD,,,,"1,300",,,,SHAS,SHAS,,,,,,,,,,,,,,,,,,,,,,,,3.7692159144,ACCY,,,,,,,True,USD,1.0,,,,,,,,,,,,,,,,,,,,,,,USD,,,,,False,,KBANKf.BK,,RIC,,,,,,,False,,,,,,,,Cash
183,728967741,728967739.0,MODI,TRAD,2023-08-26T08:45:22Z,True,EQ,Equity:Swap:PriceReturnBasicPerformance:SingleName,N,False,2023-08-15T10:45:37Z,2023-08-17,2024-08-30,,False,BILT,False,False,False,"490,000",,USD,,,,"450,000",,,,SHAS,,,,,,,,,,,,,,,,,,,,,,,,,1.054343602,ACCY,,,,,,,False,USD,1.0,3.0,,,,,A004,,MNTH,,1.0,,,,MNTH,,,,1.0,,,,,,,,,,False,,2618.TW,,RIC,,,,OPET,,,False,,,,,,,,
184,728967737,725157927.0,MODI,TRAD,2023-08-26T08:45:22Z,True,EQ,Equity:Swap:PriceReturnBasicPerformance:SingleName,N,False,2023-08-15T10:45:37Z,2023-08-17,2024-08-30,,False,BILT,False,False,False,"1,000,000",,USD,,,,"920,000",,,,SHAS,,,,,,,,,,,,,,,,,,,,,,,,,,,,,,,,,False,,,3.0,,,,,A004,,MNTH,,1.0,,,,MNTH,,,,1.0,,,,,,,,,,False,,2618.TW,,RIC,,,,OPET,,,False,,,,,,,,
185,728967739,725157927.0,MODI,TRAD,2023-08-26T08:45:22Z,True,EQ,Equity:Swap:PriceReturnBasicPerformance:SingleName,N,False,2023-08-15T10:45:37Z,2023-08-17,2024-08-30,,False,BILT,False,False,False,"1,000,000",,USD,,,,"920,000",,,,SHAS,,,,,,,,,,,,,,,,,,,,,,,,,,,,,,,,,False,,,3.0,,,,,A004,,MNTH,,1.0,,,,MNTH,,,,1.0,,,,,,,,,,False,,2618.TW,,RIC,,,,OPET,,,False,,,,,,,,
