,Dissemination Identifier,Original Dissemination Identifier,Action type,Event type,Event timestamp,Amendment indicator,Asset Class,Product name,Cleared,Mandatory clearing indicator,Execution Timestamp,Effective Date,Expiration Date,Maturity date of the underlier,Non-standardized term indicator,Platform identifier,Prime brokerage transaction indicator,Block trade election indicator,Large notional off-facility swap election indicator,Notional amount-Leg 1,Notional amount-Leg 2,Notional currency-Leg 1,Notional currency-Leg 2,Notional quantity-Leg 1,Notional quantity-Leg 2,Total notional quantity-Leg 1,Total notional quantity-Leg 2,Quantity frequency multiplier-Leg 1,Quantity frequency multiplier-Leg 2,Quantity unit of measure-Leg 1,Quantity unit of measure-Leg 2,Quantity frequency-Leg 1,Quantity frequency-Leg 2,Notional amount in effect on associated effective date-Leg 1,Notional amount in effect on associated effective date-Leg 2,Effective date of the notional amount-Leg 1,Effective date of the notional amount-Leg 2,End date of the notional amount-Leg 1,End date of the notional amount-Leg 2,Call amount-Leg 1,Call amount-Leg 2,Call currency-Leg 1,Call currency-Leg 2,Put amount-Leg 1,Put amount-Leg 2,Put currency-Leg 1,Put currency-Leg 2,Exchange rate,Exchange rate basis,First exercise date,Fixed rate-Leg 1,Fixed rate-Leg 2,Option Premium Amount,Option Premium Currency,Price,Price unit of measure,Spread-Leg 1,Spread-Leg 2,Spread currency-Leg 1,Spread currency-Leg 2,Strike Price,Strike price currency/currency pair,Post-priced swap indicator,Price currency,Price notation,Spread notation-Leg 1,Spread notation-Leg 2,Strike price notation,Fixed rate day count convention-leg 1,Fixed rate day count convention-leg 2,Floating rate day count convention-leg 1,Floating rate day count convention-leg 2,Floating rate reset frequency period-leg 1,Floating rate reset frequency period-leg 2,Floating rate reset frequency period multiplier-leg 1,Floating rate reset frequency period multiplier-leg 2,Other payment amount,Fixed rate payment frequency period-Leg 1,Floating rate payment frequency period-Leg 1,Fixed rate payment frequency period-Leg 2,Floating rate payment frequency period-Leg 2,Fixed rate payment frequency period multiplier-Leg 1,Floating rate payment frequency period multiplier-Leg 1,Fixed rate payment frequency period multiplier-Leg 2,Floating rate payment frequency period multiplier-Leg 2,Other payment type,Other payment currency,Settlement currency-Leg 1,Settlement currency-Leg 2,Settlement location-Leg 1,Settlement location-Leg 2,Collateralisation category,Custom basket indicator,Index factor,Underlier ID-Leg 1,Underlier ID-Leg 2,Underlier ID source-Leg 1,Underlying Asset Name,Underlying asset subtype or underlying contract subtype-Leg 1,Underlying asset subtype or underlying contract subtype-Leg 2,Embedded Option type,Option Type,Option Style,Package indicator,Package transaction price,Package transaction price currency,Package transaction price notation,Package transaction spread,Package transaction spread currency,Package transaction spread notation,Physical delivery location-Leg 1,Delivery Type
0,728960123,694932542.0,MODI,TRAD,2023-07-20T15:41:18Z,True,FX,ForeignExchange:FlexiForward,N,False,2023-07-20T15:40:41Z,2023-07-20,2023-08-25,,False,XXXX,False,False,False,"76,000","99,499",USD,CAD,,,,,,,,,,,,,,,,,,,,,,,,,1.3092,USD/CAD,,,,,,,,,,,,,,False,,,,,,,,,,,,,,,,,,,,,,,,,,,,,,False,,,,,,,,,,,False,,,,,,,,PHYSICAL
1,728960853,638257207.0,MODI,TRAD,2023-06-02T03:39:54Z,False,FX,ForeignExchange:NDF,N,False,2023-03-01T16:01:09Z,2023-03-01,2024-12-18,,False,BILT,False,False,True,"5,700,000,000","1,024,071",COP,USD,,,,,,,,,,,,,,,,,,,,,,,,,"5,566",USD/COP,,,,,,,,,,,,,,False,,,,,,,,,,,,,,,,,,,,,,,,,USD,,,,,False,,,,,,,,,,,False,,,,,,,,Cash
2,728960854,643638442.0,TERM,ETRM,2023-06-02T08:29:51Z,,FX,ForeignExchange:NDF,N,False,2023-06-01T14:07:35Z,2023-06-01,2023-07-05,,False,BILT,True,False,True,"612,800,000","20,000,000",TWD,USD,,,,,,,,,,,,,,,,,,,,,,,,,30.64,USD/TWD,,,,,,,,,,,,,,False,,,,,,,,,,,,,,,,,,,,,,,,,USD,,,,,False,,,,,,,,,,,False,,,,,,,,Cash
3,728960855,638256448.0,MODI,TRAD,2023-06-02T03:29:25Z,False,FX,ForeignExchange:NDF,N,False,2022-11-04T16:02:51Z,2022-11-04,2024-03-20,,False,BILT,False,False,True,"4,900,000,000","869,561",COP,USD,,,,,,,,,,,,,,,,,,,,,,,,,"5,635",USD/COP,,,,,,,,,,,,,,False,,,,,,,,,,,,,,,,,,,,,,,,,USD,,,,,False,,,,,,,,,,,False,,,,,,,,Cash
4,728960851,641864451.0,MODI,TRAD,2023-06-02T11:42:07Z,False,FX,ForeignExchange:NDF,N,False,2023-05-31T13:14:16Z,2023-05-31,2024-03-20,,False,BILT,False,False,False,"2,000,000","354,486",BRL,USD,,,,,,,,,,,,,,,,,,,,,,,,,5.642,USD/BRL,,,,,,,,,,,,,,False,,,,,,,,,,,,,,,,,,,,,,,,,USD,,,,,False,,,,,,,,,,,False,,,,,,,,Cash
5,728960852,638255771.0,MODI,TRAD,2023-06-02T03:33:42Z,False,FX,ForeignExchange:NDF,N,False,2022-11-04T16:05:52Z,2022-11-04,2024-06-20,,False,BILT,False,False,True,"2,400,000,000","417,609",COP,USD,,,,,,,,,,,,,,,,,,,,,,,,,"5,747",USD/COP,,,,,,,,,,,,,,False,,,,,,,,,,,,,,,,,,,,,,,,,USD,,,,,False,,,,,,,,,,,False,,,,,,,,Cash
6,728960850,520335937.0,TERM,ETRM,2023-01-09T03:11:28Z,,FX,ForeignExchange:VanillaOption,N,False,2023-01-09T02:08:27Z,2023-01-09,2023-03-07,,False,BILT,True,False,True,"675,000,000","100,000,000",CNY,USD,,,,,,,,,,,,,,,,,675000000.0,,CNY,,100000000.0,,USD,,6.75,USD/CNY,2023-03-07,,,"742,700",USD,,,,,,,6.75,USD/CNY,False,,,,,1.0,,,,,,,,,,,,,,,,,,,,,,CN,,,False,,,,,,,,,CALL,EUROPEAN,False,,,,,,,,Physical
7,728960779,514608490.0,TERM,ETRM,2022-12-30T12:08:31Z,,FX,ForeignExchange:NDF,I,False,2022-12-30T08:04:23Z,2022-12-30,2023-02-03,,,BILT,False,False,True,"500,000,000","6,029,100",INR,USD,,,,,,,,,,,,,,,,,,,,,,,,,82.9312,USD/INR,,,,,,,,,,,,,,False,,,,,,,,,,,,,,,,,,,,,,,,,USD,,,,,False,,,,,,,,,,,False,,,,,,,,Cash
8,728960780,,NEWT,TRAD,2022-06-23T12:42:54Z,,FX,ForeignExchange:NDF,N,False,2022-06-23T07:26:42Z,2022-06-23,2022-11-18,,False,BILT,True,False,True,"14,299,958,400","11,000,000",KRW,USD,,,,,,,,,,,,,,,,,,,,,,,,,"1,300",USD/KRW,,,,,,,,,,,,,,False,,,,,,,,,,,,,,,,,,,,,,,,,USD,,,,,False,,,,,,,,,,,False,,,,,,,,Cash
9,728960781,670595623.0,TERM,ETRM,2023-06-23T06:22:54Z,,FX,ForeignExchange:NDF,I,False,2023-06-23T06:12:24Z,2023-06-23,2023-07-13,,,BILT,True,False,True,"35,000,000","1,124,736",TWD,USD,,,,,,,,,,,,,,,,,,,,,,,,,31.1184,USD/TWD,,,,,,,,,,,,,,False,,,,,,,,,,,,,,,,,,,,,,,,,USD,,,,,False,,,,,,,,,,,False,,,,,,,,Cash
10,728960782,515184291.0,MODI,TRAD,2022-12-30T18:36:11Z,False,FX,ForeignExchange:VanillaOption,N,False,2022-12-30T18:23:38Z,2022-12-30,2023-12-29,,False,BILT,False,False,,"24,646,250","27,000,000",EUR,USD,,,,,,,,,,,,,,,,,26999967.0,,USD,,24646250.0,,EUR,,1.0955,EUR/USD,2023-12-29,,,"923,002.0625",USD,,,,,,,1.0955,EUR/USD,False,,,,,1.0,,,,,,,,,,,,,,,,,,,,,,,,,False,,,,,,,,,PUT,EUROPEAN,False,,,,,,,,Physical
11,728960783,,NEWT,TRAD,2022-11-14T17:55:14Z,,FX,ForeignExchange:NDF,N,False,2022-11-14T12:22:29Z,2022-11-14,2022-12-21,,False,XOFF,True,False,True,"12,259,520","400,000",TWD,USD,,,,,,,,,,,,,,,,,,,,,,,,,30.6488,USD/TWD,,,,,,,,,,,,,,False,,,,,,,,,,,,,,,,,,,,,,,,,USD,,,,,False,,,,,,,,,,,False,,,,,,,,Cash
12,728960827,,NEWT,TRAD,2022-09-22T07:53:00Z,,FX,ForeignExchange:NDF,N,False,2022-09-22T07:04:13Z,2022-09-22,2022-12-02,,False,BILT,True,False,True,"32,000,000","1,011,500",TWD,USD,,,,,,,,,,,,,,,,,,,,,,,,,31.6362,USD/TWD,,,,,,,,,,,,,,False,,,,,,,,,,,,,,,,,,,,,,,,,USD,,,,,False,,,,,,,,,,,False,,,,,,,,Cash
13,728960828,,NEWT,TRAD,2022-10-03T19:01:49Z,,FX,ForeignExchange:NDF,N,False,2022-10-03T09:44:10Z,2022-10-03,2022-11-16,,False,BILT,False,False,True,"55,400,000,000","3,602,088",IDR,USD,,,,,,,,,,,,,,,,,,,,,,,,,"15,380",USD/IDR,,,,,,,,,,,,,,False,,,,,,,,,,,,,,,,,,,,,,,,,USD,,,,,False,,,,,,,,,,,False,,,,,,,,Cash
14,728960829,,NEWT,TRAD,2022-07-28T17:23:21Z,,FX,ForeignExchange:NDF,N,False,2022-07-28T16:48:50Z,2022-07-28,2022-11-22,,False,BILT,False,False,True,"59,510,000","2,000,000",TWD,USD,,,,,,,,,,,,,,,,,,,,,,,,,29.755,USD/TWD,,,,,,,,,,,,,,False,,,,,,,,,,,,,,,,,,,,,,,,,USD,,,,,False,,,,,,,,,,,False,,,,,,,,Cash
15,728960830,,NEWT,TRAD,2022-08-16T12:15:21Z,,FX,ForeignExchange:NDF,N,False,2022-08-16T09:43:21Z,2022-08-16,2022-11-18,,False,BILT,True,False,True,"11,000,000,000","8,393,784",KRW,USD,,,,,,,,,,,,,,,,,,,,,,,,,"1,310.5",USD/KRW,,,,,,,,,,,,,,False,,,,,,,,,,,,,,,,,,,,,,,,,USD,,,,,False,,,,,,,,,,,False,,,,,,,,Cash
16,728960831,,NEWT,TRAD,2022-12-30T14:21:17Z,,FX,ForeignExchange:NDF,N,False,2022-12-30T14:21:14Z,2022-12-30,2023-04-25,,False,XOFF,False,False,False,"362,052,000","290,000",KRW,USD,,,,,,,,,,,,,,,,,,,,,,,,,"1,248.45",USD/KRW,,,,,,,,,,,,,,False,,,,,,,,,,,,,,,,,,,,,,,,,USD,,,,,False,,,,,,,,,,,False,,,,,,,,Cash
17,728960832,,NEWT,TRAD,2021-12-06T14:46:01Z,,FX,ForeignExchange:NDF,N,False,2021-12-06T14:21:02Z,2021-12-06,2022-11-23,,False,XOFF,False,False,True,"23,000,000","291,966",INR,USD,,,,,,,,,,,,,,,,,,,,,,,,,78.7765,USD/INR,,,,,,,,,,,,,,False,,,,,,,,,,,,,,,,,,,,,,,,,USD,,,,,False,,,,,,,,,,,False,,,,,,,,Cash
18,728960833,,NEWT,TRAD,2022-08-29T11:05:15Z,,FX,ForeignExchange:NDF,N,False,2022-08-29T09:29:20Z,2022-08-29,2023-08-31,,False,BILT,False,False,True,"59,359,941","2,000,000",TWD,USD,,,,,,,,,,,,,,,,,,,,,,,,,29.68,USD/TWD,,,,,,,,,,,,,,False,,,,,,,,,,,,,,,,,,,,,,,,,USD,,,,,False,,,,,,,,,,,False,,,,,,,,Cash
19,728960834,,NEWT,TRAD,2022-06-12T20:40:16Z,,FX,ForeignExchange:NDF,N,False,2022-06-10T13:09:51Z,2022-06-10,2022-11-23,,False,XOFF,False,False,True,"18,689,110","640,000",TWD,USD,,,,,,,,,,,,,,,,,,,,,,,,,29.2016,USD/TWD,,,,,,,,,,,,,,False,,,,,,,,,,,,,,,,,,,,,,,,,USD,,,,,False,,,,,,,,,,,False,,,,,,,,Cash
20,728960835,514004853.0,TERM,ETRM,2022-12-30T14:24:38Z,,FX,ForeignExchange:NDF,N,False,2022-12-29T15:26:37Z,2022-12-29,2023-01-04,,False,BILT,False,False,True,"250,000,000","35,908,706",CNY,USD,,,,,,,,,,,,,,,,,,,,,,,,,6.9621,USD/CNY,,,,,,,,,,,,,,True,,,,,,,,,,,,,,,,,,,,,,,,,USD,,,,,False,,,,,,,,,,,False,,,,,,,,Cash
21,728960836,,NEWT,TRAD,2018-05-15T13:42:30Z,,FX,ForeignExchange:NDF,N,False,2018-05-15T04:18:06Z,2018-05-15,2024-07-15,,False,BILT,False,False,True,"190,000,000","2,249,050",INR,USD,,,,,,,,,,,,,,,,,,,,,,,,,84.48,USD/INR,,,,,,,,,,,,,,False,,,,,,,,,,,,,,,,,,,,,,,,,USD,,,,,False,,,,,,,,,,,False,,,,,,,,Cash
22,728960837,,NEWT,TRAD,2022-09-22T07:44:23Z,,FX,ForeignExchange:NDF,N,False,2022-09-22T07:04:09Z,2022-09-22,2022-12-02,,False,BILT,True,False,True,"32,000,000","1,011,530",TWD,USD,,,,,,,,,,,,,,,,,,,,,,,,,31.6351,USD/TWD,,,,,,,,,,,,,,False,,,,,,,,,,,,,,,,,,,,,,,,,USD,,,,,False,,,,,,,,,,,False,,,,,,,,Cash
23,728960838,670877553.0,TERM,ETRM,2023-06-23T12:43:05Z,,FX,ForeignExchange:NDF,I,False,2023-06-23T12:32:47Z,2023-06-23,2023-07-27,,,BILT,True,False,False,"653,140,000","500,000",KRW,USD,,,,,,,,,,,,,,,,,,,,,,,,,"1,306.28",USD/KRW,,,,,,,,,,,,,,False,,,,,,,,,,,,,,,,,,,,,,,,,USD,,,,,False,,,,,,,,,,,False,,,,,,,,Cash
24,728960839,514233427.0,TERM,ETRM,2022-12-30T20:02:16Z,,FX,ForeignExchange:NDF,N,False,2022-12-29T20:19:26Z,2022-12-29,2023-01-04,,False,BILT,False,False,True,"74,000,000","19,402,148",PEN,USD,,,,,,,,,,,,,,,,,,,,,,,,,3.814,USD/PEN,,,,,,,,,,,,,,True,,,,,,,,,,,,,,,,,,,,,,,,,USD,,,,,False,,,,,,,,,,,False,,,,,,,,Cash
25,728960578,,NEWT,TRAD,2022-07-21T07:56:51Z,,FX,ForeignExchange:NDF,N,False,2022-07-21T07:01:06Z,2022-07-21,2022-11-25,,False,BILT,True,False,True,"562,662,847","19,000,000",TWD,USD,,,,,,,,,,,,,,,,,,,,,,,,,29.6137,USD/TWD,,,,,,,,,,,,,,False,,,,,,,,,,,,,,,,,,,,,,,,,USD,,,,,False,,,,,,,,,,,False,,,,,,,,Cash
26,728960579,,NEWT,TRAD,2022-09-05T09:37:48Z,,FX,ForeignExchange:NDF,N,False,2022-09-05T04:44:16Z,2022-09-05,2022-11-16,,False,BILT,True,False,True,"91,995,000","3,000,000",TWD,USD,,,,,,,,,,,,,,,,,,,,,,,,,30.665,USD/TWD,,,,,,,,,,,,,,False,,,,,,,,,,,,,,,,,,,,,,,,,USD,,,,,False,,,,,,,,,,,False,,,,,,,,Cash
27,728960580,,NEWT,TRAD,2022-12-30T15:19:26Z,,FX,ForeignExchange:NDF,N,False,2022-12-30T15:19:21Z,2022-12-30,2023-01-19,,False,BILT,True,False,True,"30,954,170,247","2,000,000",IDR,USD,,,,,,,,,,,,,,,,,,,,,,,,,"15,477",USD/IDR,,,,,,,,,,,,,,False,,,,,,,,,,,,,,,,,,,,,,,,,USD,,,,,False,,,,,,,,,,,False,,,,,,,,Cash
28,728960581,,NEWT,TRAD,2022-12-05T01:45:48Z,,FX,ForeignExchange:NDF,N,False,2022-12-05T00:08:45Z,2022-12-05,2023-01-09,,False,BILT,True,False,True,"12,976,000,000","10,000,000",KRW,USD,,,,,,,,,,,,,,,,,,,,,,,,,"1,297.6",USD/KRW,,,,,,,,,,,,,,False,,,,,,,,,,,,,,,,,,,,,,,,,USD,,,,,False,,,,,,,,,,,False,,,,,,,,Cash
29,728960582,514020039.0,TERM,ETRM,2022-12-30T15:10:56Z,,FX,ForeignExchange:NDF,N,False,2022-12-29T16:29:14Z,2022-12-29,2023-01-03,,False,BILT,False,False,True,"23,500,000,000","1,503,512",IDR,USD,,,,,,,,,,,,,,,,,,,,,,,,,"15,630",USD/IDR,,,,,,,,,,,,,,True,,,,,,,,,,,,,,,,,,,,,,,,,USD,,,,,False,,,,,,,,,,,False,,,,,,,,Cash
30,728960583,514078436.0,TERM,ETRM,2022-12-30T15:12:40Z,,FX,ForeignExchange:NDF,N,False,2022-12-29T17:11:21Z,2022-12-29,2023-01-04,,False,BILT,False,False,True,"62,000,000","2,018,807",TWD,USD,,,,,,,,,,,,,,,,,,,,,,,,,30.7111,USD/TWD,,,,,,,,,,,,,,True,,,,,,,,,,,,,,,,,,,,,,,,,USD,,,,,False,,,,,,,,,,,False,,,,,,,,Cash
31,728960584,514228877.0,TERM,ETRM,2022-12-30T15:14:18Z,,FX,ForeignExchange:NDF,N,False,2022-12-29T19:51:24Z,2022-12-29,2023-01-04,,False,BILT,False,False,True,"320,000,000","46,069,121",CNY,USD,,,,,,,,,,,,,,,,,,,,,,,,,6.9461,USD/CNY,,,,,,,,,,,,,,True,,,,,,,,,,,,,,,,,,,,,,,,,USD,,,,,False,,,,,,,,,,,False,,,,,,,,Cash
32,728960585,,NEWT,TRAD,2022-06-22T19:02:37Z,,FX,ForeignExchange:NDF,N,False,2022-06-22T16:00:25Z,2022-06-22,2022-12-02,,False,XOFF,False,False,True,"9,000,000","1,339,864",CNY,USD,,,,,,,,,,,,,,,,,,,,,,,,,6.7171,USD/CNY,,,,,,,,,,,,,,False,,,,,,,,,,,,,,,,,,,,,,,,,USD,,,,,False,,,,,,,,,,,False,,,,,,,,Cash
33,728960586,,NEWT,TRAD,2022-12-30T15:02:36Z,,FX,ForeignExchange:NDF,N,False,2022-12-30T15:02:35Z,2022-12-30,2023-02-03,,False,XOFF,True,False,True,"46,422,000,000","3,000,000",IDR,USD,,,,,,,,,,,,,,,,,,,,,,,,,"15,474",USD/IDR,,,,,,,,,,,,,,False,,,,,,,,,,,,,,,,,,,,,,,,,USD,,,,,False,,,,,,,,,,,False,,,,,,,,Cash
34,728960587,,NEWT,TRAD,2022-02-23T13:55:22Z,,FX,ForeignExchange:NDF,N,False,2022-02-23T13:37:29Z,2022-02-23,2022-11-23,,False,XOFF,False,False,True,"38,000,000","731,476",PHP,USD,,,,,,,,,,,,,,,,,,,,,,,,,51.95,USD/PHP,,,,,,,,,,,,,,False,,,,,,,,,,,,,,,,,,,,,,,,,USD,,,,,False,,,,,,,,,,,False,,,,,,,,Cash
35,728960588,514233426.0,MODI,TRAD,2022-12-30T20:01:57Z,True,FX,ForeignExchange:NDF,N,False,2022-12-29T20:19:26Z,2022-12-29,2023-01-17,,False,BILT,False,False,True,"74,000,000","19,386,899",PEN,USD,,,,,,,,,,,,,,,,,,,,,,,,,3.817,USD/PEN,,,,,,,,,,,,,,False,,,,,,,,,,,,,,,,,,,,,,,,,USD,,,,,False,,,,,,,,,,,False,,,,,,,,Cash
36,728960589,,NEWT,TRAD,2020-11-04T18:41:42Z,,FX,ForeignExchange:NDF,N,False,2020-11-04T14:36:02Z,2020-11-04,2022-12-02,,False,BILT,False,False,False,"1,100,000,000","971,303",KRW,USD,,,,,,,,,,,,,,,,,,,,,,,,,"1,132.5",USD/KRW,,,,,,,,,,,,,,False,,,,,,,,,,,,,,,,,,,,,,,,,USD,,,,,False,,,,,,,,,,,False,,,,,,,,Cash
37,728960590,515184298.0,MODI,TRAD,2022-12-30T18:37:06Z,False,FX,ForeignExchange:VanillaOption,N,False,2022-12-30T18:23:38Z,2022-12-30,2023-12-29,,False,BILT,False,False,,"24,646,250","27,000,000",EUR,USD,,,,,,,,,,,,,,,,,24646250.0,,EUR,,26999967.0,,USD,,1.0955,EUR/USD,2023-12-29,,,"833,659.40625",USD,,,,,,,1.0955,EUR/USD,False,,,,,1.0,,,,,,,,,,,,,,,,,,,,,,,,,False,,,,,,,,,CALL,EUROPEAN,False,,,,,,,,Physical
38,728960591,,NEWT,TRAD,2022-05-11T16:25:36Z,,FX,ForeignExchange:NDF,N,False,2022-05-11T16:10:08Z,2022-05-11,2022-11-23,,False,XOFF,False,False,True,"4,000,000,000","270,893",IDR,USD,,,,,,,,,,,,,,,,,,,,,,,,,"14,766",USD/IDR,,,,,,,,,,,,,,False,,,,,,,,,,,,,,,,,,,,,,,,,USD,,,,,False,,,,,,,,,,,False,,,,,,,,Cash
39,728960592,,NEWT,TRAD,2022-08-11T14:38:00Z,,FX,ForeignExchange:NDF,N,False,2022-08-10T16:35:24Z,2022-08-10,2022-11-16,,False,BILT,False,False,True,"93,000,000","102,812",CLP,USD,,,,,,,,,,,,,,,,,,,,,,,,,904.56,USD/CLP,,,,,,,,,,,,,,False,,,,,,,,,,,,,,,,,,,,,,,,,USD,,,,,False,,,,,,,,,,,False,,,,,,,,Cash
40,728960593,,NEWT,TRAD,2022-06-01T19:00:45Z,,FX,ForeignExchange:NDF,N,False,2022-06-01T16:54:52Z,2022-06-01,2022-12-02,,False,XOFF,False,False,True,"100,000,000","19,784,311",BRL,USD,,,,,,,,,,,,,,,,,,,,,,,,,5.05451,USD/BRL,,,,,,,,,,,,,,False,,,,,,,,,,,,,,,,,,,,,,,,,USD,,,,,False,,,,,,,,,,,False,,,,,,,,Cash
41,728960594,,NEWT,TRAD,2022-09-13T18:15:34Z,,FX,ForeignExchange:NDF,N,False,2022-09-13T03:31:23Z,2022-09-13,2022-11-30,,False,BILT,True,False,True,"92,310,000","3,000,000",TWD,USD,,,,,,,,,,,,,,,,,,,,,,,,,30.77,USD/TWD,,,,,,,,,,,,,,False,,,,,,,,,,,,,,,,,,,,,,,,,USD,,,,,False,,,,,,,,,,,False,,,,,,,,Cash
42,728960656,514030366.0,MODI,TRAD,2022-12-30T15:11:51Z,True,FX,ForeignExchange:NDF,N,False,2022-12-29T16:29:14Z,2022-12-29,2023-01-17,,False,BILT,False,False,True,"31,184,006,991","2,000,000",IDR,USD,,,,,,,,,,,,,,,,,,,,,,,,,"15,592",USD/IDR,,,,,,,,,,,,,,False,,,,,,,,,,,,,,,,,,,,,,,,,USD,,,,,False,,,,,,,,,,,False,,,,,,,,Cash
43,728960660,,NEWT,TRAD,2022-06-09T19:16:13Z,,FX,ForeignExchange:NDF,N,False,2022-06-09T16:01:40Z,2022-06-09,2022-11-16,,False,XOFF,False,False,True,"10,000,000","1,490,180",CNY,USD,,,,,,,,,,,,,,,,,,,,,,,,,6.7106,USD/CNY,,,,,,,,,,,,,,False,,,,,,,,,,,,,,,,,,,,,,,,,USD,,,,,False,,,,,,,,,,,False,,,,,,,,Cash
44,728960662,,NEWT,TRAD,2022-12-30T14:23:35Z,,FX,ForeignExchange:NDF,N,False,2022-12-30T14:23:33Z,2022-12-30,2023-06-23,,False,XOFF,False,False,True,"2,000,000","35,697",PHP,USD,,,,,,,,,,,,,,,,,,,,,,,,,56.027,USD/PHP,,,,,,,,,,,,,,False,,,,,,,,,,,,,,,,,,,,,,,,,USD,,,,,False,,,,,,,,,,,False,,,,,,,,Cash
45,728960663,,NEWT,TRAD,2022-06-01T19:00:43Z,,FX,ForeignExchange:NDF,N,False,2022-06-01T16:54:52Z,2022-06-01,2022-12-02,,False,XOFF,False,False,True,"30,000,000","5,935,293",BRL,USD,,,,,,,,,,,,,,,,,,,,,,,,,5.05451,USD/BRL,,,,,,,,,,,,,,False,,,,,,,,,,,,,,,,,,,,,,,,,USD,,,,,False,,,,,,,,,,,False,,,,,,,,Cash
46,728960664,514229143.0,MODI,TRAD,2022-12-30T15:15:26Z,True,FX,ForeignExchange:NDF,N,False,2022-12-29T19:51:24Z,2022-12-29,2023-01-17,,False,BILT,False,False,True,"320,000,000","45,821,742",CNY,USD,,,,,,,,,,,,,,,,,,,,,,,,,6.9836,USD/CNY,,,,,,,,,,,,,,False,,,,,,,,,,,,,,,,,,,,,,,,,USD,,,,,False,,,,,,,,,,,False,,,,,,,,Cash
47,728960666,,NEWT,TRAD,2022-12-30T16:07:47Z,,FX,ForeignExchange:NDF,N,False,2022-12-30T16:07:46Z,2022-12-30,2023-01-12,,False,BILT,True,False,True,"41,000,000","5,935,980",CNY,USD,,,,,,,,,,,,,,,,,,,,,,,,,6.907,USD/CNY,,,,,,,,,,,,,,False,,,,,,,,,,,,,,,,,,,,,,,,,USD,,,,,False,,,,,,,,,,,False,,,,,,,,Cash
48,728960668,,NEWT,TRAD,2022-12-30T14:19:18Z,,FX,ForeignExchange:NDF,N,False,2022-12-30T14:19:15Z,2022-12-30,2023-10-26,,False,XOFF,False,False,True,"6,518,432,010","420,000",IDR,USD,,,,,,,,,,,,,,,,,,,,,,,,,"15,520",USD/IDR,,,,,,,,,,,,,,False,,,,,,,,,,,,,,,,,,,,,,,,,USD,,,,,False,,,,,,,,,,,False,,,,,,,,Cash
49,728960669,670877498.0,TERM,ETRM,2023-06-23T12:43:13Z,,FX,ForeignExchange:NDF,I,False,2023-06-23T12:31:47Z,2023-06-23,2023-07-27,,,BILT,True,False,False,"653,070,000","500,000",KRW,USD,,,,,,,,,,,,,,,,,,,,,,,,,"1,306.14",USD/KRW,,,,,,,,,,,,,,False,,,,,,,,,,,,,,,,,,,,,,,,,USD,,,,,False,,,,,,,,,,,False,,,,,,,,Cash
50,728960670,,NEWT,TRAD,2022-12-30T19:07:02Z,,FX,ForeignExchange:NDF,N,False,2022-12-30T19:07:01Z,2022-12-30,2023-02-06,,False,BILT,True,False,True,"93,024,000,000","6,000,000",IDR,USD,,,,,,,,,,,,,,,,,,,,,,,,,"15,504",USD/IDR,,,,,,,,,,,,,,False,,,,,,,,,,,,,,,,,,,,,,,,,USD,,,,,False,,,,,,,,,,,False,,,,,,,,Cash
51,728960673,664849159.0,TERM,EXER,2023-06-23T06:18:04Z,,FX,ForeignExchange:VanillaOption,N,False,2023-06-16T09:27:32Z,2023-06-16,2023-06-23,,False,BILT,False,False,True,"819,075,000","10,000,000",INR,USD,,,,,,,,,,,,,,,,,10000000.0,,USD,,819075000.0,,INR,,81.9075,USD/INR,2023-06-23,,,"1,582,000",INR,,,,,,,81.9075,USD/INR,False,,,,,1.0,,,,,,,,,,,,,,,,,,,,,,IN,,,False,,,,,,,,,PUT,EUROPEAN,False,,,,,,,,Physical
52,728960674,,NEWT,TRAD,2022-05-25T18:10:31Z,,FX,ForeignExchange:NDF,N,False,2022-05-25T14:48:09Z,2022-05-25,2022-11-22,,False,XOFF,False,False,True,"100,000,000","19,728,932",BRL,USD,,,,,,,,,,,,,,,,,,,,,,,,,5.068698,USD/BRL,,,,,,,,,,,,,,False,,,,,,,,,,,,,,,,,,,,,,,,,USD,,,,,False,,,,,,,,,,,False,,,,,,,,Cash
53,728960675,645627989.0,MODI,TRAD,2023-06-02T03:53:56Z,False,FX,ForeignExchange:NDF,N,False,2023-05-12T14:24:24Z,2023-05-12,2023-06-22,,False,BILT,False,False,True,"13,458,849","17,000",CLP,USD,,,,,,,,,,,,,,,,,,,,,,,,,791.7,USD/CLP,,,,,,,,,,,,,,False,,,,,,,,,,,,,,,,,,,,,,,,,USD,,,,,False,,,,,,,,,,,False,,,,,,,,Cash
54,728960677,,NEWT,TRAD,2022-12-30T14:21:05Z,,FX,ForeignExchange:NDF,N,False,2022-12-30T14:21:02Z,2022-12-30,2023-05-26,,False,XOFF,False,False,False,"4,988,898,000","4,000,000",KRW,USD,,,,,,,,,,,,,,,,,,,,,,,,,"1,247.22",USD/KRW,,,,,,,,,,,,,,False,,,,,,,,,,,,,,,,,,,,,,,,,USD,,,,,False,,,,,,,,,,,False,,,,,,,,Cash
55,728960679,,NEWT,TRAD,2022-08-15T08:35:23Z,,FX,ForeignExchange:NDF,N,False,2022-08-15T07:36:25Z,2022-08-15,2022-12-21,,False,BILT,True,False,True,"297,379,997","10,000,000",TWD,USD,,,,,,,,,,,,,,,,,,,,,,,,,29.738,USD/TWD,,,,,,,,,,,,,,False,,,,,,,,,,,,,,,,,,,,,,,,,USD,,,,,False,,,,,,,,,,,False,,,,,,,,Cash
56,728960680,670595724.0,TERM,ETRM,2023-06-23T06:22:50Z,,FX,ForeignExchange:NDF,I,False,2023-06-23T06:12:24Z,2023-06-23,2023-07-27,,,BILT,True,False,True,"35,000,000","1,125,470",TWD,USD,,,,,,,,,,,,,,,,,,,,,,,,,31.0981,USD/TWD,,,,,,,,,,,,,,False,,,,,,,,,,,,,,,,,,,,,,,,,USD,,,,,False,,,,,,,,,,,False,,,,,,,,Cash
57,728960390,726337705.0,MODI,TRAD,2023-08-24T03:44:46Z,True,FX,ForeignExchange:NDF,N,False,2023-08-24T03:44:46Z,2023-08-24,2023-09-27,,False,XOFF,False,False,False,"1,000,000","1,318,499,000",USD,KRW,,,,,,,,,,,,,,,,,,,,,,,,,"1,318.499",USD/KRW,,,,,,,,,,,,,,False,,,,,,,,,,,,,,,,,,,,,,,,,USD,,,,,False,,,,,,,,,,,False,,,,,,,,Cash
58,728960389,726328090.0,MODI,TRAD,2023-08-24T01:09:47Z,True,FX,ForeignExchange:NDF,N,False,2023-08-24T01:09:47Z,2023-08-24,2023-09-28,,False,XOFF,False,False,True,"1,000,000","31,703,000",USD,TWD,,,,,,,,,,,,,,,,,,,,,,,,,31.703,USD/TWD,,,,,,,,,,,,,,False,,,,,,,,,,,,,,,,,,,,,,,,,USD,,,,,False,,,,,,,,,,,False,,,,,,,,Cash
59,728960388,726336582.0,MODI,TRAD,2023-08-24T03:24:24Z,True,FX,ForeignExchange:NDF,N,False,2023-08-24T03:24:24Z,2023-08-24,2023-09-29,,False,XOFF,False,False,True,"1,000,000","82,584,000",USD,INR,,,,,,,,,,,,,,,,,,,,,,,,,82.584,USD/INR,,,,,,,,,,,,,,False,,,,,,,,,,,,,,,,,,,,,,,,,USD,,,,,False,,,,,,,,,,,False,,,,,,,,Cash
60,728960385,726335145.0,MODI,TRAD,2023-08-24T02:52:42Z,True,FX,ForeignExchange:NDF,N,False,2023-08-24T02:52:42Z,2023-08-24,2023-09-27,,False,XOFF,False,False,False,"1,000,000","1,319,834,000",USD,KRW,,,,,,,,,,,,,,,,,,,,,,,,,"1,319.834",USD/KRW,,,,,,,,,,,,,,False,,,,,,,,,,,,,,,,,,,,,,,,,USD,,,,,False,,,,,,,,,,,False,,,,,,,,Cash
61,728960386,726371493.0,MODI,TRAD,2023-08-24T05:53:53Z,True,FX,ForeignExchange:NDF,N,False,2023-08-24T05:53:53Z,2023-08-24,2024-02-28,,False,XOFF,False,False,True,"10,222,800","850,000,000",USD,INR,,,,,,,,,,,,,,,,,,,,,,,,,83.1475,USD/INR,,,,,,,,,,,,,,False,,,,,,,,,,,,,,,,,,,,,,,,,USD,,,,,False,,,,,,,,,,,False,,,,,,,,Cash
62,728960387,726336268.0,MODI,TRAD,2023-08-24T03:18:27Z,True,FX,ForeignExchange:NDF,N,False,2023-08-24T03:18:27Z,2023-08-24,2023-09-28,,False,XOFF,False,False,True,"1,000,000","31,623,000",USD,TWD,,,,,,,,,,,,,,,,,,,,,,,,,31.623,USD/TWD,,,,,,,,,,,,,,False,,,,,,,,,,,,,,,,,,,,,,,,,USD,,,,,False,,,,,,,,,,,False,,,,,,,,Cash
63,728960384,727105982.0,MODI,TRAD,2023-08-24T10:12:48Z,True,FX,ForeignExchange:NDF,N,False,2023-08-24T10:12:48Z,2023-08-24,2023-09-29,,False,XOFF,False,False,True,"493,505","28,000,000",USD,PHP,,,,,,,,,,,,,,,,,,,,,,,,,56.737,USD/PHP,,,,,,,,,,,,,,False,,,,,,,,,,,,,,,,,,,,,,,,,USD,,,,,False,,,,,,,,,,,False,,,,,,,,Cash
64,728960383,727515184.0,MODI,TRAD,2023-08-24T19:37:43Z,True,FX,ForeignExchange:NDF,N,False,2023-08-24T19:37:43Z,2023-08-24,2023-09-27,,False,XOFF,False,False,False,"1,000,000","1,325,490,000",USD,KRW,,,,,,,,,,,,,,,,,,,,,,,,,"1,325.49",USD/KRW,,,,,,,,,,,,,,False,,,,,,,,,,,,,,,,,,,,,,,,,USD,,,,,False,,,,,,,,,,,False,,,,,,,,Cash
65,728960382,726336495.0,MODI,TRAD,2023-08-24T03:23:11Z,True,FX,ForeignExchange:NDF,N,False,2023-08-24T03:23:11Z,2023-08-24,2023-09-29,,False,XOFF,False,False,True,"1,004,830","83,000,000",USD,INR,,,,,,,,,,,,,,,,,,,,,,,,,82.601,USD/INR,,,,,,,,,,,,,,False,,,,,,,,,,,,,,,,,,,,,,,,,USD,,,,,False,,,,,,,,,,,False,,,,,,,,Cash
66,728960381,726325350.0,MODI,TRAD,2023-08-24T00:28:10Z,True,FX,ForeignExchange:NDF,N,False,2023-08-24T00:28:10Z,2023-08-24,2023-09-27,,False,XOFF,False,False,False,"1,000,000","1,325,580,000",USD,KRW,,,,,,,,,,,,,,,,,,,,,,,,,"1,325.58",USD/KRW,,,,,,,,,,,,,,False,,,,,,,,,,,,,,,,,,,,,,,,,USD,,,,,False,,,,,,,,,,,False,,,,,,,,Cash
67,728960380,726335081.0,MODI,TRAD,2023-08-24T02:50:39Z,True,FX,ForeignExchange:NDF,N,False,2023-08-24T02:50:39Z,2023-08-24,2023-09-27,,False,XOFF,False,False,False,"1,000,000","1,320,294,000",USD,KRW,,,,,,,,,,,,,,,,,,,,,,,,,"1,320.294",USD/KRW,,,,,,,,,,,,,,False,,,,,,,,,,,,,,,,,,,,,,,,,USD,,,,,False,,,,,,,,,,,False,,,,,,,,Cash
68,728960378,726336423.0,MODI,TRAD,2023-08-24T03:22:12Z,True,FX,ForeignExchange:NDF,N,False,2023-08-24T03:22:12Z,2023-08-24,2023-09-29,,False,XOFF,False,False,True,"1,004,820","83,000,000",USD,INR,,,,,,,,,,,,,,,,,,,,,,,,,82.602,USD/INR,,,,,,,,,,,,,,False,,,,,,,,,,,,,,,,,,,,,,,,,USD,,,,,False,,,,,,,,,,,False,,,,,,,,Cash
69,728960379,727515384.0,MODI,TRAD,2023-08-24T19:38:36Z,True,FX,ForeignExchange:NDF,N,False,2023-08-24T19:38:36Z,2023-08-24,2023-09-27,,False,XOFF,False,False,False,"1,000,000","1,325,453,000",USD,KRW,,,,,,,,,,,,,,,,,,,,,,,,,"1,325.453",USD/KRW,,,,,,,,,,,,,,False,,,,,,,,,,,,,,,,,,,,,,,,,USD,,,,,False,,,,,,,,,,,False,,,,,,,,Cash
70,728960375,727093124.0,MODI,TRAD,2023-08-24T10:07:38Z,True,FX,ForeignExchange:NDF,N,False,2023-08-24T10:07:38Z,2023-08-24,2023-09-29,,False,XOFF,False,False,True,"493,530","28,000,000",USD,PHP,,,,,,,,,,,,,,,,,,,,,,,,,56.734,USD/PHP,,,,,,,,,,,,,,False,,,,,,,,,,,,,,,,,,,,,,,,,USD,,,,,False,,,,,,,,,,,False,,,,,,,,Cash
71,728960376,726328136.0,MODI,TRAD,2023-08-24T01:11:33Z,True,FX,ForeignExchange:NDF,N,False,2023-08-24T01:11:33Z,2023-08-24,2023-09-28,,False,XOFF,False,False,True,"1,000,000","31,705,000",USD,TWD,,,,,,,,,,,,,,,,,,,,,,,,,31.705,USD/TWD,,,,,,,,,,,,,,False,,,,,,,,,,,,,,,,,,,,,,,,,USD,,,,,False,,,,,,,,,,,False,,,,,,,,Cash
72,728960377,726336278.0,MODI,TRAD,2023-08-24T03:18:52Z,True,FX,ForeignExchange:NDF,N,False,2023-08-24T03:18:52Z,2023-08-24,2023-09-29,,False,XOFF,False,False,True,"150,000","2,288,700,000",USD,IDR,,,,,,,,,,,,,,,,,,,,,,,,,"15,258",USD/IDR,,,,,,,,,,,,,,False,,,,,,,,,,,,,,,,,,,,,,,,,USD,,,,,False,,,,,,,,,,,False,,,,,,,,Cash
73,728960374,726332631.0,MODI,TRAD,2023-08-24T01:58:55Z,True,FX,ForeignExchange:NDF,N,False,2023-08-24T01:58:55Z,2023-08-24,2023-09-27,,False,XOFF,False,False,False,"950,000","1,258,306,350",USD,KRW,,,,,,,,,,,,,,,,,,,,,,,,,"1,324.533",USD/KRW,,,,,,,,,,,,,,False,,,,,,,,,,,,,,,,,,,,,,,,,USD,,,,,False,,,,,,,,,,,False,,,,,,,,Cash
74,728960373,726333491.0,MODI,TRAD,2023-08-24T02:20:58Z,True,FX,ForeignExchange:NDF,N,False,2023-08-24T02:20:58Z,2023-08-24,2023-09-25,,False,XOFF,False,False,True,"500,000","28,343,500",USD,PHP,,,,,,,,,,,,,,,,,,,,,,,,,56.687,USD/PHP,,,,,,,,,,,,,,False,,,,,,,,,,,,,,,,,,,,,,,,,USD,,,,,False,,,,,,,,,,,False,,,,,,,,Cash
75,728960370,726337711.0,MODI,TRAD,2023-08-24T03:45:03Z,True,FX,ForeignExchange:NDF,N,False,2023-08-24T03:45:03Z,2023-08-24,2023-09-25,,False,XOFF,False,False,True,"500,000","28,327,000",USD,PHP,,,,,,,,,,,,,,,,,,,,,,,,,56.654,USD/PHP,,,,,,,,,,,,,,False,,,,,,,,,,,,,,,,,,,,,,,,,USD,,,,,False,,,,,,,,,,,False,,,,,,,,Cash
76,728960371,726336405.0,MODI,TRAD,2023-08-24T03:21:48Z,True,FX,ForeignExchange:NDF,N,False,2023-08-24T03:21:48Z,2023-08-24,2023-09-28,,False,XOFF,False,False,True,"850,000","26,890,600",USD,TWD,,,,,,,,,,,,,,,,,,,,,,,,,31.636,USD/TWD,,,,,,,,,,,,,,False,,,,,,,,,,,,,,,,,,,,,,,,,USD,,,,,False,,,,,,,,,,,False,,,,,,,,Cash
77,728960372,726336424.0,MODI,TRAD,2023-08-24T03:22:12Z,True,FX,ForeignExchange:NDF,N,False,2023-08-24T03:22:12Z,2023-08-24,2023-09-28,,False,XOFF,False,False,True,"700,000","22,145,200",USD,TWD,,,,,,,,,,,,,,,,,,,,,,,,,31.636,USD/TWD,,,,,,,,,,,,,,False,,,,,,,,,,,,,,,,,,,,,,,,,USD,,,,,False,,,,,,,,,,,False,,,,,,,,Cash
78,728960369,726325324.0,MODI,TRAD,2023-08-24T00:26:42Z,True,FX,ForeignExchange:NDF,N,False,2023-08-24T00:26:42Z,2023-08-24,2023-09-27,,False,XOFF,False,False,False,"1,000,000","1,325,780,000",USD,KRW,,,,,,,,,,,,,,,,,,,,,,,,,"1,325.78",USD/KRW,,,,,,,,,,,,,,False,,,,,,,,,,,,,,,,,,,,,,,,,USD,,,,,False,,,,,,,,,,,False,,,,,,,,Cash
79,728960368,726335107.0,MODI,TRAD,2023-08-24T02:51:07Z,True,FX,ForeignExchange:NDF,N,False,2023-08-24T02:51:07Z,2023-08-24,2023-09-27,,False,XOFF,False,False,False,"1,000,000","1,320,354,000",USD,KRW,,,,,,,,,,,,,,,,,,,,,,,,,"1,320.354",USD/KRW,,,,,,,,,,,,,,False,,,,,,,,,,,,,,,,,,,,,,,,,USD,,,,,False,,,,,,,,,,,False,,,,,,,,Cash
80,728960367,726336277.0,MODI,TRAD,2023-08-24T03:18:52Z,True,FX,ForeignExchange:NDF,N,False,2023-08-24T03:18:52Z,2023-08-24,2023-09-28,,False,XOFF,False,False,True,"1,000,000","31,629,000",USD,TWD,,,,,,,,,,,,,,,,,,,,,,,,,31.629,USD/TWD,,,,,,,,,,,,,,False,,,,,,,,,,,,,,,,,,,,,,,,,USD,,,,,False,,,,,,,,,,,False,,,,,,,,Cash
81,728960365,726335403.0,MODI,TRAD,2023-08-24T02:57:43Z,True,FX,ForeignExchange:NDF,N,False,2023-08-24T02:57:43Z,2023-08-24,2023-09-27,,False,XOFF,False,False,False,"1,000,000","1,320,284,000",USD,KRW,,,,,,,,,,,,,,,,,,,,,,,,,"1,320.284",USD/KRW,,,,,,,,,,,,,,False,,,,,,,,,,,,,,,,,,,,,,,,,USD,,,,,False,,,,,,,,,,,False,,,,,,,,Cash
82,728960366,726336286.0,MODI,TRAD,2023-08-24T03:19:18Z,True,FX,ForeignExchange:NDF,N,False,2023-08-24T03:19:18Z,2023-08-24,2023-09-29,,False,XOFF,False,False,True,"1,004,590","83,000,000",USD,INR,,,,,,,,,,,,,,,,,,,,,,,,,82.621,USD/INR,,,,,,,,,,,,,,False,,,,,,,,,,,,,,,,,,,,,,,,,USD,,,,,False,,,,,,,,,,,False,,,,,,,,Cash
83,728960364,726334966.0,MODI,TRAD,2023-08-24T02:48:45Z,True,FX,ForeignExchange:NDF,N,False,2023-08-24T02:48:45Z,2023-08-24,2023-09-27,,False,XOFF,False,False,False,"1,000,000","1,320,110,000",USD,KRW,,,,,,,,,,,,,,,,,,,,,,,,,"1,320.11",USD/KRW,,,,,,,,,,,,,,False,,,,,,,,,,,,,,,,,,,,,,,,,USD,,,,,False,,,,,,,,,,,False,,,,,,,,Cash
84,728960363,726334991.0,MODI,TRAD,2023-08-24T02:49:35Z,True,FX,ForeignExchange:NDF,N,False,2023-08-24T02:49:35Z,2023-08-24,2023-09-27,,False,XOFF,False,False,False,"1,000,000","1,320,050,000",USD,KRW,,,,,,,,,,,,,,,,,,,,,,,,,"1,320.05",USD/KRW,,,,,,,,,,,,,,False,,,,,,,,,,,,,,,,,,,,,,,,,USD,,,,,False,,,,,,,,,,,False,,,,,,,,Cash
85,728960362,726328124.0,MODI,TRAD,2023-08-24T01:10:53Z,True,FX,ForeignExchange:NDF,N,False,2023-08-24T01:10:53Z,2023-08-24,2023-09-28,,False,XOFF,False,False,True,"1,000,000","31,703,000",USD,TWD,,,,,,,,,,,,,,,,,,,,,,,,,31.703,USD/TWD,,,,,,,,,,,,,,False,,,,,,,,,,,,,,,,,,,,,,,,,USD,,,,,False,,,,,,,,,,,False,,,,,,,,Cash
86,728960361,726336618.0,MODI,TRAD,2023-08-24T03:24:49Z,True,FX,ForeignExchange:NDF,N,False,2023-08-24T03:24:49Z,2023-08-24,2023-09-29,,False,XOFF,False,False,True,"600,000","49,549,800",USD,INR,,,,,,,,,,,,,,,,,,,,,,,,,82.583,USD/INR,,,,,,,,,,,,,,False,,,,,,,,,,,,,,,,,,,,,,,,,USD,,,,,False,,,,,,,,,,,False,,,,,,,,Cash
87,728960359,726328053.0,MODI,TRAD,2023-08-24T01:08:35Z,True,FX,ForeignExchange:NDF,N,False,2023-08-24T01:08:35Z,2023-08-24,2023-09-28,,False,XOFF,False,False,True,"1,000,000","31,702,000",USD,TWD,,,,,,,,,,,,,,,,,,,,,,,,,31.702,USD/TWD,,,,,,,,,,,,,,False,,,,,,,,,,,,,,,,,,,,,,,,,USD,,,,,False,,,,,,,,,,,False,,,,,,,,Cash
88,728960357,726328115.0,MODI,TRAD,2023-08-24T01:10:27Z,True,FX,ForeignExchange:NDF,N,False,2023-08-24T01:10:27Z,2023-08-24,2023-09-28,,False,XOFF,False,False,True,"1,000,000","31,704,000",USD,TWD,,,,,,,,,,,,,,,,,,,,,,,,,31.704,USD/TWD,,,,,,,,,,,,,,False,,,,,,,,,,,,,,,,,,,,,,,,,USD,,,,,False,,,,,,,,,,,False,,,,,,,,Cash
89,728960358,727179090.0,MODI,TRAD,2023-08-24T10:23:41Z,True,FX,ForeignExchange:NDF,N,False,2023-08-24T10:23:41Z,2023-08-24,2023-09-29,,False,XOFF,False,False,True,"493,505","28,000,000",USD,PHP,,,,,,,,,,,,,,,,,,,,,,,,,56.737,USD/PHP,,,,,,,,,,,,,,False,,,,,,,,,,,,,,,,,,,,,,,,,USD,,,,,False,,,,,,,,,,,False,,,,,,,,Cash
90,728960355,726335333.0,MODI,TRAD,2023-08-24T02:55:49Z,True,FX,ForeignExchange:NDF,N,False,2023-08-24T02:55:49Z,2023-08-24,2023-09-27,,False,XOFF,False,False,False,"1,000,000","1,319,820,000",USD,KRW,,,,,,,,,,,,,,,,,,,,,,,,,"1,319.82",USD/KRW,,,,,,,,,,,,,,False,,,,,,,,,,,,,,,,,,,,,,,,,USD,,,,,False,,,,,,,,,,,False,,,,,,,,Cash
91,728960356,726328005.0,MODI,TRAD,2023-08-24T01:07:59Z,True,FX,ForeignExchange:NDF,N,False,2023-08-24T01:07:59Z,2023-08-24,2023-09-28,,False,XOFF,False,False,True,"1,000,000","31,704,000",USD,TWD,,,,,,,,,,,,,,,,,,,,,,,,,31.704,USD/TWD,,,,,,,,,,,,,,False,,,,,,,,,,,,,,,,,,,,,,,,,USD,,,,,False,,,,,,,,,,,False,,,,,,,,Cash
92,728960354,726332710.0,MODI,TRAD,2023-08-24T02:01:48Z,True,FX,ForeignExchange:NDF,N,False,2023-08-24T02:01:48Z,2023-08-24,2023-09-25,,False,XOFF,False,False,True,"500,000","28,330,500",USD,PHP,,,,,,,,,,,,,,,,,,,,,,,,,56.661,USD/PHP,,,,,,,,,,,,,,False,,,,,,,,,,,,,,,,,,,,,,,,,USD,,,,,False,,,,,,,,,,,False,,,,,,,,Cash
93,728960352,726332995.0,MODI,TRAD,2023-08-24T02:08:07Z,True,FX,ForeignExchange:NDF,N,False,2023-08-24T02:08:07Z,2023-08-24,2023-09-25,,False,XOFF,False,False,True,"350,000","19,838,000",USD,PHP,,,,,,,,,,,,,,,,,,,,,,,,,56.68,USD/PHP,,,,,,,,,,,,,,False,,,,,,,,,,,,,,,,,,,,,,,,,USD,,,,,False,,,,,,,,,,,False,,,,,,,,Cash
94,728960353,726328059.0,MODI,TRAD,2023-08-24T01:09:11Z,True,FX,ForeignExchange:NDF,N,False,2023-08-24T01:09:11Z,2023-08-24,2023-09-28,,False,XOFF,False,False,True,"1,000,000","31,697,000",USD,TWD,,,,,,,,,,,,,,,,,,,,,,,,,31.697,USD/TWD,,,,,,,,,,,,,,False,,,,,,,,,,,,,,,,,,,,,,,,,USD,,,,,False,,,,,,,,,,,False,,,,,,,,Cash
95,727674609,,NEWT,TRAD,2023-08-25T04:24:10Z,False,FX,ForeignExchange:Forward,N,False,2023-08-25T04:24:10Z,2023-08-25,2023-09-29,,False,XXXX,False,False,True,"20,541,000","1,700,000,000",USD,INR,,,,,,,,,,,,,,,,,,,,,,,,,82.761,USD/INR,,,,,,,,,,,,,,False,,,,,,,,,,,,,,,,,,,,,,,,,USD,INR,,,,False,,,,,,,,,,,True,,,,0.00086,,3.0,,
96,728969734,704298914.0,MODI,TRAD,2023-08-27T23:23:16Z,True,FX,ForeignExchange:Forward,N,False,2023-03-30T05:33:16Z,2023-03-30,2023-08-31,,False,XXXX,False,False,False,"33,000","49,254",USD,AUD,,,,,,,,,,,,,,,,,,,,,,,,,0.67,USD/AUD,,,,,,,,,,,,,,False,,,,,,,,,,,,,,,,,,,,,,,,,,,,,,False,,,,,,,,,,,False,,,,,,,,PHYSICAL
97,728969359,,NEWT,TRAD,2023-04-12T14:17:38Z,,FX,ForeignExchange:Forward,N,False,2023-04-12T14:15:58Z,2023-04-12,2023-07-14,,False,BGCO,False,False,,"1,006,426,010","97,000,000",NOK,USD,,,,,,,,,,,,,,,,,,,,,,,,,10.3755,NOK/USD,,,,,,,,,,,,,,False,,,,,,NARR,,,,,,,,1006426010.00000;97000241.91606,,,,,,,,,PEXH;PEXH,NOK;USD,NOK,USD,,,,False,,,,,,,,,,,True,9.9999999999,,3.0,,,,,Physical
98,728969360,,NEWT,TRAD,2023-04-20T11:00:05Z,,FX,ForeignExchange:Forward,N,False,2023-04-20T10:15:07Z,2023-04-20,2024-01-24,,False,TEFD,False,False,,"10,056,100","43,000,000",USD,PLN,,,,,,,,,,,,,,,,,,,,,,,,,4.276,PLN/USD,,,,,,,,,,,,,,False,,,,,,NARR,,,,,,,,10056100.00000;42999883.60000,,,,,,,,,PEXH;PEXH,USD;PLN,PLN,USD,,,,False,,,,,,,,,,,True,9.9999999999,,3.0,,,,,Physical
99,728969361,,NEWT,TRAD,2023-04-12T13:34:05Z,,FX,ForeignExchange:Forward,N,False,2023-04-12T13:28:32Z,2023-04-12,2023-09-13,,False,BGCO,False,False,,"335,577,438","250,000,000+",CAD,USD,,,,,,,,,,,,,,,,,,,,,,,,,1.3423,CAD/USD,,,,,,,,,,,,,,False,,,,,,NARR,,,,,,,,335577438.00000;250001816.28548,,,,,,,,,PEXH;PEXH,CAD;USD,CAD,USD,,,,False,,,,,,,,,,,True,9.9999999999,,3.0,,,,,Physical
100,728969362,,NEWT,TRAD,2023-04-26T13:15:20Z,,FX,ForeignExchange:Forward,N,False,2023-04-26T13:14:01Z,2023-04-26,2023-05-31,,False,TCDS,False,False,,"225,760,849","250,000,000+",EUR,USD,,,,,,,,,,,,,,,,,,,,,,,,,1.107373,USD/EUR,,,,,,,,,,,,,,False,,,,,,NARR,,,,,,,,225760848.50000;250001468.08599,,,,,,,,,PEXH;PEXH,EUR;USD,USD,EUR,,,,False,,,,,,,,,,,True,9.9999999999,,3.0,,,,,Physical
101,728969363,,NEWT,TRAD,2023-04-17T14:15:33Z,,FX,ForeignExchange:Forward,N,False,2023-04-17T14:13:57Z,2023-04-17,2024-01-19,,False,BGCO,False,False,,"10,052,300,000","78,000,000",JPY,USD,,,,,,,,,,,,,,,,,,,,,,,,,128.875,JPY/USD,,,,,,,,,,,,,,False,,,,,,NARR,,,,,,,,10052300000.00000;78000387.97284,,,,,,,,,PEXH;PEXH,JPY;USD,JPY,USD,,,,False,,,,,,,,,,,True,9.9999999999,,3.0,,,,,Physical
102,728969364,,NEWT,TRAD,2023-04-26T13:06:22Z,,FX,ForeignExchange:Forward,N,False,2023-04-26T13:06:11Z,2023-04-26,2023-05-31,,False,TCDS,False,False,,"198,668,841","220,000,000",EUR,USD,,,,,,,,,,,,,,,,,,,,,,,,,1.107373,USD/EUR,,,,,,,,,,,,,,False,,,,,,NARR,,,,,,,,198668841.00000;220000510.46469,,,,,,,,,PEXH;PEXH,EUR;USD,USD,EUR,,,,False,,,,,,,,,,,True,9.9999999999,,3.0,,,,,Physical
103,728969365,,NEWT,TRAD,2023-04-18T10:03:33Z,,FX,ForeignExchange:Forward,N,False,2023-04-18T09:46:59Z,2023-04-18,2023-10-20,,False,TEFD,False,False,,"44,611,200","190,000,000",USD,PLN,,,,,,,,,,,,,,,,,,,,,,,,,4.259,PLN/USD,,,,,,,,,,,,,,False,,,,,,NARR,,,,,,,,44611200.00000;189999100.80000,,,,,,,,,PEXH;PEXH,USD;PLN,PLN,USD,,,,False,,,,,,,,,,,True,9.9999999999,,3.0,,,,,Physical
104,728969366,,NEWT,TRAD,2023-04-13T12:06:33Z,,FX,ForeignExchange:Forward,N,False,2023-04-13T11:54:23Z,2023-04-13,2023-07-17,,False,BGCO,False,False,,"153,585,120","170,000,000",EUR,USD,,,,,,,,,,,,,,,,,,,,,,,,,1.10688,USD/EUR,,,,,,,,,,,,,,False,,,,,,NARR,,,,,,,,153585120.00000;170000297.62560,,,,,,,,,PEXH;PEXH,EUR;USD,USD,EUR,,,,False,,,,,,,,,,,True,9.9999999999,,3.0,,,,,Physical
105,728969367,,NEWT,TRAD,2023-04-26T13:21:30Z,,FX,ForeignExchange:Forward,N,False,2023-04-26T13:17:01Z,2023-04-26,2023-05-31,,False,TCDS,False,False,,"225,800,476","250,000,000+",EUR,USD,,,,,,,,,,,,,,,,,,,,,,,,,1.10717,USD/EUR,,,,,,,,,,,,,,False,,,,,,NARR,,,,,,,,225800476.00000;249999513.01292,,,,,,,,,PEXH;PEXH,EUR;USD,USD,EUR,,,,False,,,,,,,,,,,True,9.9999999999,,3.0,,,,,Physical
106,728969368,,NEWT,TRAD,2023-04-06T15:37:34Z,,FX,ForeignExchange:Forward,N,False,2023-04-06T15:34:10Z,2023-04-06,2023-07-12,,False,TEFD,False,False,,"65,378,950","73,000,000",CHF,USD,,,,,,,,,,,,,,,,,,,,,,,,,0.8956,CHF/USD,,,,,,,,,,,,,,False,,,,,,NARR,,,,,,,,65378950.00000;73000167.48548,,,,,,,,,PEXH;PEXH,CHF;USD,CHF,USD,,,,False,,,,,,,,,,,True,9.9999999999,,3.0,,,,,Physical
107,728969369,,NEWT,TRAD,2023-04-26T12:19:37Z,,FX,ForeignExchange:Forward,N,False,2023-04-26T12:18:26Z,2023-04-26,2024-07-31,,False,TCDS,False,False,,"15,072,600,000","120,000,000",JPY,USD,,,,,,,,,,,,,,,,,,,,,,,,,125.605,JPY/USD,,,,,,,,,,,,,,False,,,,,,NARR,,,,,,,,15072600000.00000;120000000.00000,,,,,,,,,PEXH;PEXH,JPY;USD,JPY,USD,,,,False,,,,,,,,,,,True,9.9999999999,,3.0,,,,,Physical
108,728969370,,NEWT,TRAD,2023-04-26T12:51:42Z,,FX,ForeignExchange:Forward,N,False,2023-04-26T12:39:02Z,2023-04-26,2023-05-31,,False,TEFD,False,False,,"225,800,559","250,000,000+",EUR,USD,,,,,,,,,,,,,,,,,,,,,,,,,1.107165,USD/EUR,,,,,,,,,,,,,,False,,,,,,NARR,,,,,,,,225800559.00000;249998475.90524,,,,,,,,,PEXH;PEXH,EUR;USD,USD,EUR,,,,False,,,,,,,,,,,True,9.9999999999,,3.0,,,,,Physical
109,728969371,,NEWT,TRAD,2023-05-15T07:01:19Z,,FX,ForeignExchange:NDF,N,False,2023-05-10T13:03:16Z,2023-05-10,2023-05-17,,False,MFXR,False,False,,"73,752,141,125","56,000,000",KRW,USD,,,,,,,,,,,,,,,,,,,,,,,,,"1,317",KRW/USD,,,,,,,,,,,,,,False,,,,,,NARR,,,,,,,,,,,,,,,,,,,KRW,USD,,,,False,,,,,,,,,,,True,9.9999999999,,3.0,,,,,Physical
110,728969372,,NEWT,TRAD,2023-04-03T14:38:34Z,,FX,ForeignExchange:Forward,N,False,2023-04-03T14:38:07Z,2023-04-03,2023-06-21,,False,TEFD,False,False,,"35,000,000","150,888,500",USD,PLN,,,,,,,,,,,,,,,,,,,,,,,,,4.3111,PLN/USD,,,,,,,,,,,,,,False,,,,,,NARR,,,,,,,,35000000.00000;150888500.00000,,,,,,,,,PEXH;PEXH,USD;PLN,PLN,USD,,,,False,,,,,,,,,,,True,9.9999999999,,3.0,,,,,Physical
111,728969373,,NEWT,TRAD,2023-04-12T09:51:30Z,,FX,ForeignExchange:Forward,N,False,2023-04-12T09:47:24Z,2023-04-12,2023-06-21,,False,BGCO,False,False,,"2,612,726,066+","248,711,758",NOK,USD,,,,,,,,,,,,,,,,,,,,,,,,,10.505,NOK/USD,,,,,,,,,,,,,,False,,,,,,NARR,,,,,,,,2612717016.00000;248711757.82960,,,,,,,,,PEXH;PEXH,NOK;USD,NOK,USD,,,,False,,,,,,,,,,,True,9.9999999999,,3.0,,,,,Physical
112,728969374,,NEWT,TRAD,2023-04-21T13:29:27Z,,FX,ForeignExchange:Forward,N,False,2023-04-21T13:28:10Z,2023-04-21,2023-05-25,,False,BGCO,False,False,,"227,178,924","250,000,000+",EUR,USD,,,,,,,,,,,,,,,,,,,,,,,,,1.10045,USD/EUR,,,,,,,,,,,,,,False,,,,,,NARR,,,,,,,,227178924.00000;249999046.91580,,,,,,,,,PEXH;PEXH,EUR;USD,USD,EUR,,,,False,,,,,,,,,,,True,9.9999999999,,3.0,,,,,Physical
113,728969375,,NEWT,TRAD,2023-04-13T12:06:31Z,,FX,ForeignExchange:Forward,N,False,2023-04-13T11:54:35Z,2023-04-13,2023-07-17,,False,BGCO,False,False,,"225,860,850","250,000,000+",EUR,USD,,,,,,,,,,,,,,,,,,,,,,,,,1.10688,USD/EUR,,,,,,,,,,,,,,False,,,,,,NARR,,,,,,,,225860850.00000;250000857.64800,,,,,,,,,PEXH;PEXH,EUR;USD,USD,EUR,,,,False,,,,,,,,,,,True,9.9999999999,,3.0,,,,,Physical
114,728969376,,NEWT,TRAD,2023-04-18T14:19:58Z,,FX,ForeignExchange:Forward,N,False,2023-04-18T14:09:03Z,2023-04-18,2023-07-20,,False,TEFD,False,False,,"140,000,000","127,159,947",USD,EUR,,,,,,,,,,,,,,,,,,,,,,,,,1.10098,USD/EUR,,,,,,,,,,,,,,False,,,,,,NARR,,,,,,,,140000558.00000;127159946.59303,,,,,,,,,PEXH;PEXH,USD;EUR,USD,EUR,,,,False,,,,,,,,,,,True,9.9999999999,,3.0,,,,,Physical
115,728969377,,NEWT,TRAD,2023-04-26T12:41:09Z,,FX,ForeignExchange:Forward,N,False,2023-04-26T12:33:56Z,2023-04-26,2023-05-31,,False,TCDS,False,False,,"200,388,360","250,000,000+",GBP,USD,,,,,,,,,,,,,,,,,,,,,,,,,1.24759,USD/GBP,,,,,,,,,,,,,,False,,,,,,NARR,,,,,,,,200388360.00000;250002514.05240,,,,,,,,,PEXH;PEXH,GBP;USD,USD,GBP,,,,False,,,,,,,,,,,True,9.9999999999,,3.0,,,,,Physical
116,728969378,,NEWT,TRAD,2023-04-06T09:20:58Z,,FX,ForeignExchange:Forward,N,False,2023-04-06T09:18:56Z,2023-04-06,2023-08-10,,False,TCDS,False,False,,"24,498,000,000","190,000,000",JPY,USD,,,,,,,,,,,,,,,,,,,,,,,,,128.937,JPY/USD,,,,,,,,,,,,,,False,,,,,,NARR,,,,,,,,24498000000.00000;189999767.32824,,,,,,,,,PEXH;PEXH,JPY;USD,JPY,USD,,,,False,,,,,,,,,,,True,9.9999999999,,3.0,,,,,Physical
117,728969379,,NEWT,TRAD,2023-04-06T08:28:52Z,,FX,ForeignExchange:Forward,N,False,2023-04-06T08:28:34Z,2023-04-06,2023-07-12,,False,TEFD,False,False,,"223,925,000","250,000,000+",CHF,USD,,,,,,,,,,,,,,,,,,,,,,,,,0.8957,CHF/USD,,,,,,,,,,,,,,False,,,,,,NARR,,,,,,,,223925000.00000;250000000.00000,,,,,,,,,PEXH;PEXH,CHF;USD,CHF,USD,,,,False,,,,,,,,,,,True,9.9999999999,,3.0,,,,,Physical
118,728969380,,NEWT,TRAD,2023-04-04T15:57:49Z,,FX,ForeignExchange:Forward,N,False,2023-04-04T15:56:09Z,2023-04-04,2023-06-05,,False,BGCO,False,False,,"335,974,910","250,000,000+",CAD,USD,,,,,,,,,,,,,,,,,,,,,,,,,1.3439,CAD/USD,,,,,,,,,,,,,,False,,,,,,NARR,,,,,,,,335974910.00000;249999933.03074,,,,,,,,,PEXH;PEXH,CAD;USD,CAD,USD,,,,False,,,,,,,,,,,True,9.9999999999,,3.0,,,,,Physical
119,728969381,,NEWT,TRAD,2023-04-20T08:13:35Z,,FX,ForeignExchange:Forward,N,False,2023-04-20T08:13:08Z,2023-04-20,2023-05-24,,False,TCDS,False,False,,"200,917,502+","249,857,124",GBP,USD,,,,,,,,,,,,,,,,,,,,,,,,,1.243573,USD/GBP,,,,,,,,,,,,,,False,,,,,,NARR,,,,,,,,200918743.40000;249857124.48617,,,,,,,,,PEXH;PEXH,GBP;USD,USD,GBP,,,,False,,,,,,,,,,,True,9.9999999999,,3.0,,,,,Physical
120,728969382,,NEWT,TRAD,2023-04-20T11:34:50Z,,FX,ForeignExchange:Forward,N,False,2023-04-20T10:46:17Z,2023-04-20,2023-05-24,,False,TCDS,False,False,,"227,598,094","250,000,000+",EUR,USD,,,,,,,,,,,,,,,,,,,,,,,,,1.09843,USD/EUR,,,,,,,,,,,,,,False,,,,,,NARR,,,,,,,,227598094.00000;250000574.39242,,,,,,,,,PEXH;PEXH,EUR;USD,USD,EUR,,,,False,,,,,,,,,,,True,9.9999999999,,3.0,,,,,Physical
121,728969383,,NEWT,TRAD,2023-04-26T13:16:01Z,,FX,ForeignExchange:Forward,N,False,2023-04-26T13:15:36Z,2023-04-26,2023-05-31,,False,TCDS,False,False,,"198,668,841","220,000,000",EUR,USD,,,,,,,,,,,,,,,,,,,,,,,,,1.107373,USD/EUR,,,,,,,,,,,,,,False,,,,,,NARR,,,,,,,,198668841.00000;220000510.46469,,,,,,,,,PEXH;PEXH,EUR;USD,USD,EUR,,,,False,,,,,,,,,,,True,9.9999999999,,3.0,,,,,Physical
122,728969384,,NEWT,TRAD,2023-04-21T09:13:06Z,,FX,ForeignExchange:Forward,N,False,2023-04-21T09:11:28Z,2023-04-21,2023-07-25,,False,BGCO,False,False,,"2,568,379,580","250,000,000",SEK,USD,,,,,,,,,,,,,,,,,,,,,,,,,10.2735,SEK/USD,,,,,,,,,,,,,,False,,,,,,NARR,,,,,,,,2568379580.00000;250000445.80717,,,,,,,,,PEXH;PEXH,SEK;USD,SEK,USD,,,,False,,,,,,,,,,,True,9.9999999999,,3.0,,,,,Physical
123,728969385,,NEWT,TRAD,2023-04-27T02:14:22Z,,FX,ForeignExchange:Forward,N,False,2023-04-27T02:13:56Z,2023-04-27,2023-05-01,,False,IEBS,False,False,,"15,000,000","9,198,900",NZD,USD,,,,,,,,,,,,,,,,,,,,,,,,,0.61326,USD/NZD,,,,,,,,,,,,,,False,,,,,,NARR,,,,,,,,15000000.00000;9198900.00000,,,,,,,,,PEXH;PEXH,NZD;USD,USD,NZD,,,,False,,,,,,,,,,,True,9.9999999999,,3.0,,,,,Physical
124,728969328,,NEWT,TRAD,2023-04-05T14:53:55Z,,FX,ForeignExchange:Forward,N,False,2023-04-05T14:53:24Z,2023-04-05,2023-05-11,,False,TEFD,False,False,,"228,625,252","250,000,000+",EUR,USD,,,,,,,,,,,,,,,,,,,,,,,,,1.09349,USD/EUR,,,,,,,,,,,,,,False,,,,,,NARR,,,,,,,,228625252.00000;249999426.80948,,,,,,,,,PEXH;PEXH,EUR;USD,USD,EUR,,,,False,,,,,,,,,,,True,9.9999999999,,3.0,,,,,Physical
125,728969330,,NEWT,TRAD,2023-04-06T09:33:49Z,,FX,ForeignExchange:Forward,N,False,2023-04-06T09:31:39Z,2023-04-06,2023-07-10,,False,TCDS,False,False,,"32,381,000,000","250,000,000+",JPY,USD,,,,,,,,,,,,,,,,,,,,,,,,,129.524,JPY/USD,,,,,,,,,,,,,,False,,,,,,NARR,,,,,,,,32381000000.00000;250000000.00000,,,,,,,,,PEXH;PEXH,JPY;USD,JPY,USD,,,,False,,,,,,,,,,,True,9.9999999999,,3.0,,,,,Physical
126,728969331,,NEWT,TRAD,2023-04-06T14:06:04Z,,FX,ForeignExchange:Forward,N,False,2023-04-06T13:53:37Z,2023-04-06,2023-07-10,,False,TEFD,False,False,,"337,015,725","250,000,000+",CAD,USD,,,,,,,,,,,,,,,,,,,,,,,,,1.34806,CAD/USD,,,,,,,,,,,,,,False,,,,,,NARR,,,,,,,,337015725.00000;250000537.80989,,,,,,,,,PEXH;PEXH,CAD;USD,CAD,USD,,,,False,,,,,,,,,,,True,9.9999999999,,3.0,,,,,Physical
127,728969332,,NEWT,TRAD,2023-04-13T12:02:00Z,,FX,ForeignExchange:Forward,N,False,2023-04-13T11:57:03Z,2023-04-13,2024-01-17,,False,TEFD,False,False,,"4,103,400","1,500,000,000",USD,HUF,,,,,,,,,,,,,,,,,,,,,,,,,365.55,HUF/USD,,,,,,,,,,,,,,False,,,,,,NARR,,,,,,,,4103400.00000;1499997870.00000,,,,,,,,,PEXH;PEXH,USD;HUF,HUF,USD,,,,False,,,,,,,,,,,True,9.9999999999,,3.0,,,,,Physical
128,728969333,,NEWT,TRAD,2023-04-17T08:02:29Z,,FX,ForeignExchange:Forward,N,False,2023-04-17T07:58:49Z,2023-04-17,2023-10-19,,False,TEFD,False,False,,"29,991,300,000","230,000,000",JPY,USD,,,,,,,,,,,,,,,,,,,,,,,,,130.397,JPY/USD,,,,,,,,,,,,,,False,,,,,,NARR,,,,,,,,29991300000.00000;229999923.31112,,,,,,,,,PEXH;PEXH,JPY;USD,JPY,USD,,,,False,,,,,,,,,,,True,9.9999999999,,3.0,,,,,Physical
129,728969334,,NEWT,TRAD,2023-04-18T14:23:24Z,,FX,ForeignExchange:Forward,N,False,2023-04-18T14:20:47Z,2023-04-18,2023-06-20,,False,TCDS,False,False,,"227,260,642","250,000,000+",EUR,USD,,,,,,,,,,,,,,,,,,,,,,,,,1.10006,USD/EUR,,,,,,,,,,,,,,False,,,,,,NARR,,,,,,,,227260642.00000;250000341.83852,,,,,,,,,PEXH;PEXH,EUR;USD,USD,EUR,,,,False,,,,,,,,,,,True,9.9999999999,,3.0,,,,,Physical
130,728969335,,NEWT,TRAD,2023-04-11T09:42:24Z,,FX,ForeignExchange:Forward,N,False,2023-04-11T09:39:06Z,2023-04-11,2023-07-13,,False,TEFD,False,False,,"223,900,000","250,000,000+",CHF,USD,,,,,,,,,,,,,,,,,,,,,,,,,0.8956,CHF/USD,,,,,,,,,,,,,,False,,,,,,NARR,,,,,,,,223900000.00000;250000000.00000,,,,,,,,,PEXH;PEXH,CHF;USD,CHF,USD,,,,False,,,,,,,,,,,True,9.9999999999,,3.0,,,,,Physical
131,728969336,,NEWT,TRAD,2023-04-19T11:01:28Z,,FX,ForeignExchange:Forward,N,False,2023-04-19T11:00:56Z,2023-04-19,2023-10-24,,False,TEFD,False,False,,"9,907,800","3,600,000,000",USD,HUF,,,,,,,,,,,,,,,,,,,,,,,,,363.35,HUF/USD,,,,,,,,,,,,,,False,,,,,,NARR,,,,,,,,9907800.00000;3599999130.00000,,,,,,,,,PEXH;PEXH,USD;HUF,HUF,USD,,,,False,,,,,,,,,,,True,9.9999999999,,3.0,,,,,Physical
132,728969337,,NEWT,TRAD,2023-04-13T14:58:46Z,,FX,ForeignExchange:Forward,N,False,2023-04-13T14:45:49Z,2023-04-13,2023-05-17,,False,TCDS,False,False,,"225,859,688","250,000,000+",EUR,USD,,,,,,,,,,,,,,,,,,,,,,,,,1.106877,USD/EUR,,,,,,,,,,,,,,False,,,,,,NARR,,,,,,,,225859687.50000;249998893.32094,,,,,,,,,PEXH;PEXH,EUR;USD,USD,EUR,,,,False,,,,,,,,,,,True,9.9999999999,,3.0,,,,,Physical
133,728969338,,NEWT,TRAD,2023-04-27T01:13:06Z,,FX,ForeignExchange:Forward,N,False,2023-04-27T01:13:02Z,2023-04-27,2023-05-02,,False,IEBS,False,False,,"200,047,499+","33,308,859,276",GBP,JPY,,,,,,,,,,,,,,,,,,,,,,,,,166.506,JPY/GBP,,,,,,,,,,,,,,False,,,,,,NARR,,,,,,,,200046000.00000;33308859276.00000,,,,,,,,,PEXH;PEXH,GBP;JPY,JPY,GBP,,,,False,,,,,,,,,,,True,9.9999999999,,3.0,,,,,Physical
134,728969339,,NEWT,TRAD,2023-04-26T15:03:43Z,,FX,ForeignExchange:Forward,N,False,2023-04-26T15:02:10Z,2023-04-26,2023-05-01,,False,TCDS,False,False,,"33,323,000,000","250,000,000+",JPY,USD,,,,,,,,,,,,,,,,,,,,,,,,,133.2934,JPY/USD,,,,,,,,,,,,,,False,,,,,,NARR,,,,,,,,33323000000.00000;249997374.21358,,,,,,,,,PEXH;PEXH,JPY;USD,JPY,USD,,,,False,,,,,,,,,,,True,9.9999999999,,3.0,,,,,Physical
135,728969340,,NEWT,TRAD,2023-04-17T14:30:21Z,,FX,ForeignExchange:Forward,N,False,2023-04-17T14:30:05Z,2023-04-17,2023-10-19,,False,TEFD,False,False,,"14,383,800,000","110,000,000",JPY,USD,,,,,,,,,,,,,,,,,,,,,,,,,130.7625,JPY/USD,,,,,,,,,,,,,,False,,,,,,NARR,,,,,,,,14383800000.00000;109999426.44107,,,,,,,,,PEXH;PEXH,JPY;USD,JPY,USD,,,,False,,,,,,,,,,,True,9.9999999999,,3.0,,,,,Physical
136,728969341,,NEWT,TRAD,2023-04-03T09:36:46Z,,FX,ForeignExchange:Forward,N,False,2023-04-03T09:33:30Z,2023-04-03,2023-07-07,,False,TEFD,False,False,,"1,549,620,000","150,000,000",SEK,USD,,,,,,,,,,,,,,,,,,,,,,,,,10.3308,SEK/USD,,,,,,,,,,,,,,False,,,,,,NARR,,,,,,,,1549620000.00000;150000000.00000,,,,,,,,,PEXH;PEXH,SEK;USD,SEK,USD,,,,False,,,,,,,,,,,True,9.9999999999,,3.0,,,,,Physical
137,728969342,,NEWT,TRAD,2023-04-03T14:21:04Z,,FX,ForeignExchange:Forward,N,False,2023-04-03T14:18:47Z,2023-04-03,2023-05-05,,False,BGCO,False,False,,"229,055,619","250,000,000+",EUR,USD,,,,,,,,,,,,,,,,,,,,,,,,,1.091415,USD/EUR,,,,,,,,,,,,,,False,,,,,,NARR,,,,,,,,229055619.00000;249994738.41089,,,,,,,,,PEXH;PEXH,EUR;USD,USD,EUR,,,,False,,,,,,,,,,,True,9.9999999999,,3.0,,,,,Physical
138,728969343,,NEWT,TRAD,2023-04-03T08:36:29Z,,FX,ForeignExchange:Forward,N,False,2023-04-03T08:36:13Z,2023-04-03,2023-05-05,,False,TCDS,False,False,,"229,275,028+","248,874,402",EUR,USD,,,,,,,,,,,,,,,,,,,,,,,,,1.085513,USD/EUR,,,,,,,,,,,,,,False,,,,,,NARR,,,,,,,,229268928.00000;248874401.84006,,,,,,,,,PEXH;PEXH,EUR;USD,USD,EUR,,,,False,,,,,,,,,,,True,9.9999999999,,3.0,,,,,Physical
139,728969344,,NEWT,TRAD,2023-04-03T07:53:46Z,,FX,ForeignExchange:Forward,N,False,2023-04-03T07:44:22Z,2023-04-03,2023-05-05,,False,TEFD,False,False,,"152,041,500","3,300,000,000",USD,CZK,,,,,,,,,,,,,,,,,,,,,,,,,21.7045,CZK/USD,,,,,,,,,,,,,,False,,,,,,NARR,,,,,,,,152041500.00000;3299984736.75000,,,,,,,,,PEXH;PEXH,USD;CZK,CZK,USD,,,,False,,,,,,,,,,,True,9.9999999999,,3.0,,,,,Physical
140,728969345,,NEWT,TRAD,2023-04-06T07:33:05Z,,FX,ForeignExchange:Forward,N,False,2023-04-06T07:31:06Z,2023-04-06,2023-07-12,,False,TCDS,False,False,,"227,893,930","250,000,000+",EUR,USD,,,,,,,,,,,,,,,,,,,,,,,,,1.09699,USD/EUR,,,,,,,,,,,,,,False,,,,,,NARR,,,,,,,,227893930.00000;249997362.27070,,,,,,,,,PEXH;PEXH,EUR;USD,USD,EUR,,,,False,,,,,,,,,,,True,9.9999999999,,3.0,,,,,Physical
141,728969346,,NEWT,TRAD,2023-04-06T14:37:33Z,,FX,ForeignExchange:Forward,N,False,2023-04-06T14:33:38Z,2023-04-06,2023-07-12,,False,TEFD,False,False,,"224,175,000","250,000,000+",CHF,USD,,,,,,,,,,,,,,,,,,,,,,,,,0.8967,CHF/USD,,,,,,,,,,,,,,False,,,,,,NARR,,,,,,,,224175000.00000;250000000.00000,,,,,,,,,PEXH;PEXH,CHF;USD,CHF,USD,,,,False,,,,,,,,,,,True,9.9999999999,,3.0,,,,,Physical
142,728969347,,NEWT,TRAD,2023-04-06T15:50:05Z,,FX,ForeignExchange:Forward,N,False,2023-04-06T15:49:13Z,2023-04-06,2023-05-12,,False,TEFD,False,False,,"225,350,000","250,000,000+",CHF,USD,,,,,,,,,,,,,,,,,,,,,,,,,0.9014,CHF/USD,,,,,,,,,,,,,,False,,,,,,NARR,,,,,,,,225350000.00000;250000000.00000,,,,,,,,,PEXH;PEXH,CHF;USD,CHF,USD,,,,False,,,,,,,,,,,True,9.9999999999,,3.0,,,,,Physical
143,728969348,,NEWT,TRAD,2023-04-12T12:53:40Z,,FX,ForeignExchange:Forward,N,False,2023-04-12T12:44:47Z,2023-04-12,2023-05-15,,False,BGCO,False,False,,"30,424,500,000","230,000,000",JPY,USD,,,,,,,,,,,,,,,,,,,,,,,,,132.28,JPY/USD,,,,,,,,,,,,,,False,,,,,,NARR,,,,,,,,30424500000.00000;230000755.97218,,,,,,,,,PEXH;PEXH,JPY;USD,JPY,USD,,,,False,,,,,,,,,,,True,9.9999999999,,3.0,,,,,Physical
144,728969349,,NEWT,TRAD,2023-04-04T15:41:30Z,,FX,ForeignExchange:Forward,N,False,2023-04-04T14:48:17Z,2023-04-04,2023-05-05,,False,TEFD,False,False,,"199,878,300","250,000,000+",GBP,USD,,,,,,,,,,,,,,,,,,,,,,,,,1.250756,USD/GBP,,,,,,,,,,,,,,False,,,,,,NARR,,,,,,,,199878300.00000;249998982.99480,,,,,,,,,PEXH;PEXH,GBP;USD,USD,GBP,,,,False,,,,,,,,,,,True,9.9999999999,,3.0,,,,,Physical
145,728969350,,NEWT,TRAD,2023-04-04T13:23:32Z,,FX,ForeignExchange:Forward,N,False,2023-04-04T13:22:22Z,2023-04-04,2023-07-06,,False,TCDS,False,False,,"32,770,500,000","250,000,000+",JPY,USD,,,,,,,,,,,,,,,,,,,,,,,,,131.0825,JPY/USD,,,,,,,,,,,,,,False,,,,,,NARR,,,,,,,,32770500000.00000;249999046.40208,,,,,,,,,PEXH;PEXH,JPY;USD,JPY,USD,,,,False,,,,,,,,,,,True,9.9999999999,,3.0,,,,,Physical
146,728969351,,NEWT,TRAD,2023-04-13T14:43:18Z,,FX,ForeignExchange:Forward,N,False,2023-04-13T14:41:13Z,2023-04-13,2024-01-17,,False,TEFD,False,False,,"7,967,680","2,900,000,000",USD,HUF,,,,,,,,,,,,,,,,,,,,,,,,,363.97,HUF/USD,,,,,,,,,,,,,,False,,,,,,NARR,,,,,,,,7967680.00000;2899996489.60000,,,,,,,,,PEXH;PEXH,USD;HUF,HUF,USD,,,,False,,,,,,,,,,,True,9.9999999999,,3.0,,,,,Physical
147,728969352,,NEWT,TRAD,2023-04-13T14:18:12Z,,FX,ForeignExchange:Forward,N,False,2023-04-13T14:13:27Z,2023-04-13,2023-05-17,,False,BGCO,False,False,,"225,820,672","250,000,000+",EUR,USD,,,,,,,,,,,,,,,,,,,,,,,,,1.107075,USD/EUR,,,,,,,,,,,,,,False,,,,,,NARR,,,,,,,,225820672.00000;250000420.45440,,,,,,,,,PEXH;PEXH,EUR;USD,USD,EUR,,,,False,,,,,,,,,,,True,9.9999999999,,3.0,,,,,Physical
148,728969353,,NEWT,TRAD,2023-04-05T14:59:00Z,,FX,ForeignExchange:Forward,N,False,2023-04-05T14:57:39Z,2023-04-05,2023-05-11,,False,TCDS,False,False,,"228,857,944","250,000,000+",EUR,USD,,,,,,,,,,,,,,,,,,,,,,,,,1.09239,USD/EUR,,,,,,,,,,,,,,False,,,,,,NARR,,,,,,,,228857944.00000;250002129.44616,,,,,,,,,PEXH;PEXH,EUR;USD,USD,EUR,,,,False,,,,,,,,,,,True,9.9999999999,,3.0,,,,,Physical
149,728969354,,NEWT,TRAD,2023-04-21T12:38:25Z,,FX,ForeignExchange:Forward,N,False,2023-04-21T12:34:06Z,2023-04-21,2023-06-26,,False,TEFD,False,False,,"226,767,195","250,000,000+",EUR,USD,,,,,,,,,,,,,,,,,,,,,,,,,1.10245,USD/EUR,,,,,,,,,,,,,,False,,,,,,NARR,,,,,,,,226767195.00000;249999494.12775,,,,,,,,,PEXH;PEXH,EUR;USD,USD,EUR,,,,False,,,,,,,,,,,True,9.9999999999,,3.0,,,,,Physical
150,728969355,,NEWT,TRAD,2023-04-11T14:53:04Z,,FX,ForeignExchange:Forward,N,False,2023-04-11T14:47:38Z,2023-04-11,2023-06-21,,False,BGCO,False,False,,"336,607,445","250,000,000+",CAD,USD,,,,,,,,,,,,,,,,,,,,,,,,,1.34643,CAD/USD,,,,,,,,,,,,,,False,,,,,,NARR,,,,,,,,336607445.00000;249999959.15124,,,,,,,,,PEXH;PEXH,CAD;USD,CAD,USD,,,,False,,,,,,,,,,,True,9.9999999999,,3.0,,,,,Physical
151,728969356,,NEWT,TRAD,2023-04-25T04:40:58Z,,FX,ForeignExchange:Forward,N,False,2023-04-25T04:40:53Z,2023-04-25,2023-05-02,,False,IEBS,False,False,,"199,480,000","33,421,566,268+",GBP,JPY,,,,,,,,,,,,,,,,,,,,,,,,,167.5428,JPY/GBP,,,,,,,,,,,,,,False,,,,,,NARR,,,,,,,,199480000.00000;33421437744.00000,,,,,,,,,PEXH;PEXH,GBP;JPY,JPY,GBP,,,,False,,,,,,,,,,,True,9.9999999999,,3.0,,,,,Physical
152,728969357,,NEWT,TRAD,2023-04-06T14:15:23Z,,FX,ForeignExchange:Forward,N,False,2023-04-06T14:15:10Z,2023-04-06,2023-05-12,,False,TEFD,False,False,,"99,242,000","110,000,000",CHF,USD,,,,,,,,,,,,,,,,,,,,,,,,,0.9022,CHF/USD,,,,,,,,,,,,,,False,,,,,,NARR,,,,,,,,99242000.00000;110000000.00000,,,,,,,,,PEXH;PEXH,CHF;USD,CHF,USD,,,,False,,,,,,,,,,,True,9.9999999999,,3.0,,,,,Physical
153,728969358,,NEWT,TRAD,2023-04-19T09:11:14Z,,FX,ForeignExchange:Forward,N,False,2023-04-19T09:09:34Z,2023-04-19,2023-07-21,,False,TEFD,False,False,,"33,253,500,000","250,000,000+",JPY,USD,,,,,,,,,,,,,,,,,,,,,,,,,133.0145,JPY/USD,,,,,,,,,,,,,,False,,,,,,NARR,,,,,,,,33253500000.00000;249999060.25283,,,,,,,,,PEXH;PEXH,JPY;USD,JPY,USD,,,,False,,,,,,,,,,,True,9.9999999999,,3.0,,,,,Physical
154,728969323,,NEWT,TRAD,2023-04-24T13:19:37Z,,FX,ForeignExchange:Forward,N,False,2023-04-24T13:19:12Z,2023-04-24,2023-07-26,,False,TCDS,False,False,,"225,638,280","250,000,000+",EUR,USD,,,,,,,,,,,,,,,,,,,,,,,,,1.10797,USD/EUR,,,,,,,,,,,,,,False,,,,,,NARR,,,,,,,,225638280.00000;250000445.09160,,,,,,,,,PEXH;PEXH,EUR;USD,USD,EUR,,,,False,,,,,,,,,,,True,9.9999999999,,3.0,,,,,Physical
155,728969324,,NEWT,TRAD,2023-04-17T13:31:51Z,,FX,ForeignExchange:Forward,N,False,2023-04-17T13:30:29Z,2023-04-17,2023-07-19,,False,BGCO,False,False,,"30,463,500,000","230,000,000",JPY,USD,,,,,,,,,,,,,,,,,,,,,,,,,132.4505,JPY/USD,,,,,,,,,,,,,,False,,,,,,NARR,,,,,,,,30463500000.00000;229999131.75111,,,,,,,,,PEXH;PEXH,JPY;USD,JPY,USD,,,,False,,,,,,,,,,,True,9.9999999999,,3.0,,,,,Physical
156,728969325,,NEWT,TRAD,2023-04-17T08:02:31Z,,FX,ForeignExchange:Forward,N,False,2023-04-17T08:00:22Z,2023-04-17,2024-04-19,,False,TEFD,False,False,,"31,781,600,000","250,000,000+",JPY,USD,,,,,,,,,,,,,,,,,,,,,,,,,127.127,JPY/USD,,,,,,,,,,,,,,False,,,,,,NARR,,,,,,,,31781600000.00000;249998820.07756,,,,,,,,,PEXH;PEXH,JPY;USD,JPY,USD,,,,False,,,,,,,,,,,True,9.9999999999,,3.0,,,,,Physical
157,728969326,,NEWT,TRAD,2023-04-26T12:18:16Z,,FX,ForeignExchange:Forward,N,False,2023-04-26T12:14:48Z,2023-04-26,2023-05-31,,False,BGCO,False,False,,"226,049,933","250,000,000+",EUR,USD,,,,,,,,,,,,,,,,,,,,,,,,,1.105962,USD/EUR,,,,,,,,,,,,,,False,,,,,,NARR,,,,,,,,226049932.50000;250002635.44757,,,,,,,,,PEXH;PEXH,EUR;USD,USD,EUR,,,,False,,,,,,,,,,,True,9.9999999999,,3.0,,,,,Physical
158,728969327,,NEWT,TRAD,2023-04-21T09:25:47Z,,FX,ForeignExchange:Forward,N,False,2023-04-21T09:24:55Z,2023-04-21,2023-06-21,,False,TEFD,False,False,,"148,507,500","3,200,000,000",USD,CZK,,,,,,,,,,,,,,,,,,,,,,,,,21.54775,CZK/USD,,,,,,,,,,,,,,False,,,,,,NARR,,,,,,,,148507500.00000;3200002483.12500,,,,,,,,,PEXH;PEXH,USD;CZK,CZK,USD,,,,False,,,,,,,,,,,True,9.9999999999,,3.0,,,,,Physical
159,728969317,,NEWT,TRAD,2023-04-06T11:02:22Z,,FX,ForeignExchange:Forward,N,False,2023-04-06T11:02:04Z,2023-04-06,2023-05-10,,False,TCDS,False,False,,"336,644,855","250,000,000+",CAD,USD,,,,,,,,,,,,,,,,,,,,,,,,,1.34659,CAD/USD,,,,,,,,,,,,,,False,,,,,,NARR,,,,,,,,336644855.00000;249998035.77926,,,,,,,,,PEXH;PEXH,CAD;USD,CAD,USD,,,,False,,,,,,,,,,,True,9.9999999999,,3.0,,,,,Physical
160,728969318,,NEWT,TRAD,2023-04-24T15:35:50Z,,FX,ForeignExchange:Forward,N,False,2023-04-24T15:34:44Z,2023-04-24,2023-10-27,,False,BGCO,False,False,,"312,127,945","210,000,000",AUD,USD,,,,,,,,,,,,,,,,,,,,,,,,,0.6728,USD/AUD,,,,,,,,,,,,,,False,,,,,,NARR,,,,,,,,312127945.00000;209999681.39600,,,,,,,,,PEXH;PEXH,AUD;USD,USD,AUD,,,,False,,,,,,,,,,,True,9.9999999999,,3.0,,,,,Physical
161,728969319,,NEWT,TRAD,2023-04-11T07:18:27Z,,FX,ForeignExchange:Forward,N,False,2023-04-11T07:18:20Z,2023-04-11,2023-05-15,,False,TCDS,False,False,,"96,494,714","120,000,000",GBP,USD,,,,,,,,,,,,,,,,,,,,,,,,,1.243595,USD/GBP,,,,,,,,,,,,,,False,,,,,,NARR,,,,,,,,96494714.30000;120000344.22991,,,,,,,,,PEXH;PEXH,GBP;USD,USD,GBP,,,,False,,,,,,,,,,,True,9.9999999999,,3.0,,,,,Physical
162,728969320,,NEWT,TRAD,2023-04-26T08:12:45Z,,FX,ForeignExchange:Forward,N,False,2023-04-26T08:11:59Z,2023-04-26,2024-04-30,,False,TCDS,False,False,,"15,193,800,000","120,000,000",JPY,USD,,,,,,,,,,,,,,,,,,,,,,,,,126.615,JPY/USD,,,,,,,,,,,,,,False,,,,,,NARR,,,,,,,,15193800000.00000;120000000.00000,,,,,,,,,PEXH;PEXH,JPY;USD,JPY,USD,,,,False,,,,,,,,,,,True,9.9999999999,,3.0,,,,,Physical
163,728969321,,NEWT,TRAD,2023-05-15T07:01:09Z,,FX,ForeignExchange:NDF,N,False,2023-04-12T13:15:48Z,2023-04-12,2023-05-17,,False,MFXR,False,False,,"73,834,308,377","56,000,000",KRW,USD,,,,,,,,,,,,,,,,,,,,,,,,,"1,318.47",KRW/USD,,,,,,,,,,,,,,False,,,,,,NARR,,,,,,,,,,,,,,,,,,,KRW,USD,,,,False,,,,,,,,,,,True,9.9999999999,,3.0,,,,,Physical
164,728969322,,NEWT,TRAD,2023-04-26T07:49:44Z,,FX,ForeignExchange:Forward,N,False,2023-04-26T07:47:24Z,2023-04-26,2024-04-30,,False,TEFD,False,False,,"223,514,370","250,000,000+",EUR,USD,,,,,,,,,,,,,,,,,,,,,,,,,1.1185,USD/EUR,,,,,,,,,,,,,,False,,,,,,NARR,,,,,,,,223514370.00000;250000822.84500,,,,,,,,,PEXH;PEXH,EUR;USD,USD,EUR,,,,False,,,,,,,,,,,True,9.9999999999,,3.0,,,,,Physical
165,728969307,,NEWT,TRAD,2023-04-03T11:39:04Z,,FX,ForeignExchange:Forward,N,False,2023-04-03T11:35:59Z,2023-04-03,2023-09-05,,False,TEFD,False,False,,"24,952,000","9,100,000,000",USD,HUF,,,,,,,,,,,,,,,,,,,,,,,,,364.7,HUF/USD,,,,,,,,,,,,,,False,,,,,,NARR,,,,,,,,24952000.00000;9099994400.00000,,,,,,,,,PEXH;PEXH,USD;HUF,HUF,USD,,,,False,,,,,,,,,,,True,9.9999999999,,3.0,,,,,Physical
166,728969308,,NEWT,TRAD,2023-04-11T07:38:51Z,,FX,ForeignExchange:Forward,N,False,2023-04-11T07:36:25Z,2023-04-11,2023-05-04,,False,TEFD,False,False,,"225,624,000","250,000,000+",CHF,USD,,,,,,,,,,,,,,,,,,,,,,,,,0.9025,CHF/USD,,,,,,,,,,,,,,False,,,,,,NARR,,,,,,,,225624000.00000;249998891.96676,,,,,,,,,PEXH;PEXH,CHF;USD,CHF,USD,,,,False,,,,,,,,,,,True,9.9999999999,,3.0,,,,,Physical
167,728969309,,NEWT,TRAD,2023-04-04T15:57:51Z,,FX,ForeignExchange:Forward,N,False,2023-04-04T15:55:22Z,2023-04-04,2023-06-05,,False,BGCO,False,False,,"335,976,063","250,000,000+",CAD,USD,,,,,,,,,,,,,,,,,,,,,,,,,1.3439,CAD/USD,,,,,,,,,,,,,,False,,,,,,NARR,,,,,,,,335976062.50000;250000790.60942,,,,,,,,,PEXH;PEXH,CAD;USD,CAD,USD,,,,False,,,,,,,,,,,True,9.9999999999,,3.0,,,,,Physical
168,728969310,,NEWT,TRAD,2023-04-12T13:30:23Z,,FX,ForeignExchange:Forward,N,False,2023-04-12T13:28:20Z,2023-04-12,2023-05-15,,False,BGCO,False,False,,"33,085,000,000","250,000,000+",JPY,USD,,,,,,,,,,,,,,,,,,,,,,,,,132.34,JPY/USD,,,,,,,,,,,,,,False,,,,,,NARR,,,,,,,,33085000000.00000;250000000.00000,,,,,,,,,PEXH;PEXH,JPY;USD,JPY,USD,,,,False,,,,,,,,,,,True,9.9999999999,,3.0,,,,,Physical
169,728969311,,NEWT,TRAD,2023-04-11T11:28:33Z,,FX,ForeignExchange:Forward,N,False,2023-04-11T11:19:05Z,2023-04-11,2023-07-13,,False,TCDS,False,False,,"200,610,221","250,000,000+",GBP,USD,,,,,,,,,,,,,,,,,,,,,,,,,1.24621,USD/GBP,,,,,,,,,,,,,,False,,,,,,NARR,,,,,,,,200610221.30000;250002463.88627,,,,,,,,,PEXH;PEXH,GBP;USD,USD,GBP,,,,False,,,,,,,,,,,True,9.9999999999,,3.0,,,,,Physical
170,728969312,,NEWT,TRAD,2023-04-25T11:50:58Z,,FX,ForeignExchange:Forward,N,False,2023-04-25T11:47:33Z,2023-04-25,2023-06-26,,False,BGCO,False,False,,"339,508,911","250,000,000+",CAD,USD,,,,,,,,,,,,,,,,,,,,,,,,,1.358035,CAD/USD,,,,,,,,,,,,,,False,,,,,,NARR,,,,,,,,339508911.00000;250000118.55365,,,,,,,,,PEXH;PEXH,CAD;USD,CAD,USD,,,,False,,,,,,,,,,,True,9.9999999999,,3.0,,,,,Physical
171,728969313,,NEWT,TRAD,2023-04-04T07:22:30Z,,FX,ForeignExchange:Forward,N,False,2023-04-04T07:22:08Z,2023-04-04,2023-06-06,,False,TCDS,False,False,,"228,174,993+","249,996,735",EUR,USD,,,,,,,,,,,,,,,,,,,,,,,,,1.095635,USD/EUR,,,,,,,,,,,,,,False,,,,,,NARR,,,,,,,,228175200.00000;249996735.25200,,,,,,,,,PEXH;PEXH,EUR;USD,USD,EUR,,,,False,,,,,,,,,,,True,9.9999999999,,3.0,,,,,Physical
172,728969314,,NEWT,TRAD,2023-04-21T07:18:41Z,,FX,ForeignExchange:Forward,N,False,2023-04-21T07:15:00Z,2023-04-21,2023-05-09,,False,TCDS,False,False,,"33,406,000,000","250,000,000+",JPY,USD,,,,,,,,,,,,,,,,,,,,,,,,,133.624,JPY/USD,,,,,,,,,,,,,,False,,,,,,NARR,,,,,,,,33406000000.00000;250000000.00000,,,,,,,,,PEXH;PEXH,JPY;USD,JPY,USD,,,,False,,,,,,,,,,,True,9.9999999999,,3.0,,,,,Physical
173,728969315,,NEWT,TRAD,2023-04-26T12:30:32Z,,FX,ForeignExchange:Forward,N,False,2023-04-26T12:21:26Z,2023-04-26,2023-05-31,,False,BGCO,False,False,,"200,398,518","250,000,000+",GBP,USD,,,,,,,,,,,,,,,,,,,,,,,,,1.247485,USD/GBP,,,,,,,,,,,,,,False,,,,,,NARR,,,,,,,,200398518.00000;249994145.22723,,,,,,,,,PEXH;PEXH,GBP;USD,USD,GBP,,,,False,,,,,,,,,,,True,9.9999999999,,3.0,,,,,Physical
174,728969316,,NEWT,TRAD,2023-04-11T07:57:13Z,,FX,ForeignExchange:Forward,N,False,2023-04-11T07:50:10Z,2023-04-11,2023-06-21,,False,BGCO,False,False,,"200,739,090","250,000,000+",GBP,USD,,,,,,,,,,,,,,,,,,,,,,,,,1.2454,USD/GBP,,,,,,,,,,,,,,False,,,,,,NARR,,,,,,,,200739089.50000;250000462.06330,,,,,,,,,PEXH;PEXH,GBP;USD,USD,GBP,,,,False,,,,,,,,,,,True,9.9999999999,,3.0,,,,,Physical
175,728969296,695344944.0,CORR,,2023-07-21T03:20:53Z,,FX,ForeignExchange:NDF,N,False,2023-05-22T14:03:28Z,2023-05-22,2023-07-25,,False,THRE,False,False,,"700,626,230","23,000,000",TWD,USD,,,,,,,,,,,,,,,,,,,,,,,,,30.462,TWD/USD,,,,,,,,,,,,,,False,,,,,,NARR,,,,,,,,,,,,,,,,,,,TWD,USD,,,,False,,,,,,,,,,,False,,,,,,,,Physical
176,728969298,707551312.0,CORR,,2023-08-03T08:49:38Z,,FX,ForeignExchange:NDF,N,False,2023-06-29T15:02:14Z,2023-06-29,2023-08-03,,False,MFXR,False,False,,"110,000,000,000","25,953,918",COP,USD,,,,,,,,,,,,,,,,,,,,,,,,,"4,238.3",COP/USD,,,,,,,,,,,,,,False,,,,,,NARR,,,,,,,,,,,,,,,,,,,COP,USD,,,,False,,,,,,,,,,,True,9.9999999999,,3.0,,,,,Physical
177,728969299,707551280.0,CORR,,2023-08-03T08:49:33Z,,FX,ForeignExchange:NDF,N,False,2023-06-28T13:45:12Z,2023-06-28,2023-08-03,,False,MFXR,False,False,,"110,000,000,000","25,975,250",COP,USD,,,,,,,,,,,,,,,,,,,,,,,,,"4,234.8",COP/USD,,,,,,,,,,,,,,False,,,,,,NARR,,,,,,,,,,,,,,,,,,,COP,USD,,,,False,,,,,,,,,,,True,9.9999999999,,3.0,,,,,Physical
178,728969300,673796970.0,CORR,,2023-06-27T22:43:10Z,,FX,ForeignExchange:NDF,N,False,2023-05-26T16:52:29Z,2023-05-26,2023-06-30,,False,THRE,False,False,,"8,000,000","2,176,609",PEN,USD,,,,,,,,,,,,,,,,,,,,,,,,,3.67546,PEN/USD,,,,,,,,,,,,,,False,,,,,,NARR,,,,,,,,,,,,,,,,,,,PEN,USD,,,,False,,,,,,,,,,,False,,,,,,,,Physical
179,728969301,707551282.0,CORR,,2023-08-03T08:49:36Z,,FX,ForeignExchange:NDF,N,False,2023-06-29T13:34:00Z,2023-06-29,2023-08-03,,False,MFXR,False,False,,"110,000,000,000","26,115,805",COP,USD,,,,,,,,,,,,,,,,,,,,,,,,,"4,212",COP/USD,,,,,,,,,,,,,,False,,,,,,NARR,,,,,,,,,,,,,,,,,,,COP,USD,,,,False,,,,,,,,,,,True,9.9999999999,,3.0,,,,,Physical
180,728969302,707551318.0,CORR,,2023-08-03T08:49:38Z,,FX,ForeignExchange:NDF,N,False,2023-06-29T15:16:19Z,2023-06-29,2023-08-03,,False,MFXR,False,False,,"21,742,452,737","27,000,000",CLP,USD,,,,,,,,,,,,,,,,,,,,,,,,,805.28,CLP/USD,,,,,,,,,,,,,,False,,,,,,NARR,,,,,,,,,,,,,,,,,,,CLP,USD,,,,False,,,,,,,,,,,True,9.9999999999,,3.0,,,,,Physical
181,728969303,648083215.0,CORR,,2023-06-06T08:39:28Z,,FX,ForeignExchange:Forward,N,False,2023-06-02T14:41:56Z,2023-06-02,2023-11-21,,False,FXRQ,False,False,,"2,000,000","1,330,215",AUD,USD,,,,,,,,,,,,,,,,,,,,,,,,,0.66511,USD/AUD,,,,,,,,,,,,,,False,,,,,,NARR,,,,,,,,,,,,,,,,,,,USD,AUD,,,,False,,,,,,,,,,,False,,,,,,,,Physical
182,728969304,694178428.0,CORR,,2023-07-20T07:00:39Z,,FX,ForeignExchange:NDF,N,False,2023-05-03T08:20:53Z,2023-05-03,2023-07-24,,False,THRE,False,False,,"900,000,000","677,784",KRW,USD,,,,,,,,,,,,,,,,,,,,,,,,,"1,327.86",KRW/USD,,,,,,,,,,,,,,False,,,,,,NARR,,,,,,,,,,,,,,,,,,,KRW,USD,,,,False,,,,,,,,,,,False,,,,,,,,Physical
183,728969305,707462275.0,CORR,,2023-08-03T08:15:38Z,,FX,ForeignExchange:NDF,N,False,2023-06-27T08:35:58Z,2023-06-27,2023-08-03,,False,IMFD,False,False,,"13,000,000","1,067,215,500",USD,INR,,,,,,,,,,,,,,,,,,,,,,,,,82.0935,INR/USD,,,,,,,,,,,,,,False,,,,,,NARR,,,,,,,,,,,,,,,,,,,USD,INR,,,,False,,,,,,,,,,,False,,,,,,,,Physical
184,728969306,707462274.0,CORR,,2023-08-03T08:15:37Z,,FX,ForeignExchange:NDF,N,False,2023-06-27T08:36:26Z,2023-06-27,2023-08-03,,False,IMFD,False,False,,"10,000,000","820,900,000",USD,INR,,,,,,,,,,,,,,,,,,,,,,,,,82.09,INR/USD,,,,,,,,,,,,,,False,,,,,,NARR,,,,,,,,,,,,,,,,,,,USD,INR,,,,False,,,,,,,,,,,False,,,,,,,,Physical
185,728969287,,NEWT,TRAD,2023-03-09T11:41:41Z,,FX,ForeignExchange:Forward,N,False,2023-03-09T11:41:38Z,2023-03-09,2023-03-16,,False,FXRQ,False,False,,"58,000,000","8,321,895",CNY,USD,,,,,,,,,,,,,,,,,,,,,,,,,6.969592,CNY/USD,,,,,,,,,,,,,,False,,,,,,NARR,,,,,,,,58000212.16655;8321894.90670,,,,,,,,,PEXH;PEXH,CNY;USD,CNY,USD,,,,False,,,,,,,,,,,True,9.9999999999,,3.0,,,,,Physical
186,728969288,,NEWT,TRAD,2023-04-25T14:13:37Z,,FX,ForeignExchange:Forward,N,False,2023-04-25T14:13:33Z,2023-04-25,2023-05-11,,False,FXRQ,False,False,,"5,044,400","35,000,000",USD,CNY,,,,,,,,,,,,,,,,,,,,,,,,,6.938364,CNY/USD,,,,,,,,,,,,,,False,,,,,,NARR,,,,,,,,5044400.00000;34999883.36160,,,,,,,,,PEXH;PEXH,USD;CNY,CNY,USD,,,,False,,,,,,,,,,,True,9.9999999999,,3.0,,,,,Physical
187,728969289,,NEWT,TRAD,2023-03-09T11:41:41Z,,FX,ForeignExchange:Forward,N,False,2023-03-09T11:41:38Z,2023-03-09,2023-05-23,,False,FXRQ,False,False,,"55,487,389","8,000,000",CNY,USD,,,,,,,,,,,,,,,,,,,,,,,,,6.9359453,CNY/USD,,,,,,,,,,,,,,False,,,,,,NARR,,,,,,,,55487388.57950;7999974.93917,,,,,,,,,PEXH;PEXH,CNY;USD,CNY,USD,,,,False,,,,,,,,,,,True,9.9999999999,,3.0,,,,,Physical
188,728969290,,NEWT,TRAD,2023-04-25T14:13:37Z,,FX,ForeignExchange:Forward,N,False,2023-04-25T14:13:33Z,2023-04-25,2023-04-27,,False,FXRQ,False,False,,"5,038,850","35,000,000",USD,CNY,,,,,,,,,,,,,,,,,,,,,,,,,6.94601,CNY/USD,,,,,,,,,,,,,,False,,,,,,NARR,,,,,,,,5038850.00000;34999902.48850,,,,,,,,,PEXH;PEXH,USD;CNY,CNY,USD,,,,False,,,,,,,,,,,True,9.9999999999,,3.0,,,,,Physical
189,728969291,695445559.0,CORR,,2023-07-21T07:00:39Z,,FX,ForeignExchange:NDF,N,False,2023-02-16T15:28:09Z,2023-02-16,2023-07-25,,False,THRE,False,False,,"2,565,002,505","2,000,000",KRW,USD,,,,,,,,,,,,,,,,,,,,,,,,,"1,282.5",KRW/USD,,,,,,,,,,,,,,False,,,,,,NARR,,,,,,,,,,,,,,,,,,,KRW,USD,,,,False,,,,,,,,,,,False,,,,,,,,Physical
190,728969292,,NEWT,TRAD,2023-03-29T13:34:12Z,,FX,ForeignExchange:Forward,N,False,2023-03-29T13:34:08Z,2023-03-29,2023-03-31,,False,FXRQ,False,False,,"750,000,000","108,796,281",CNY,USD,,,,,,,,,,,,,,,,,,,,,,,,,6.89364,CNY/USD,,,,,,,,,,,,,,False,,,,,,NARR,,,,,,,,750002396.00000;108796281.20993,,,,,,,,,PEXH;PEXH,CNY;USD,CNY,USD,,,,False,,,,,,,,,,,True,9.9999999999,,3.0,,,,,Physical
191,728969293,,NEWT,TRAD,2023-04-26T14:57:46Z,,FX,ForeignExchange:Forward,N,False,2023-04-26T14:57:42Z,2023-04-26,2023-04-28,,False,FXRQ,False,False,,"750,000,000","108,135,107",CNY,USD,,,,,,,,,,,,,,,,,,,,,,,,,6.93579,CNY/USD,,,,,,,,,,,,,,False,,,,,,NARR,,,,,,,,750002396.00000;108135107.32015,,,,,,,,,PEXH;PEXH,CNY;USD,CNY,USD,,,,False,,,,,,,,,,,True,9.9999999999,,3.0,,,,,Physical
192,728969294,,NEWT,TRAD,2023-04-26T14:57:46Z,,FX,ForeignExchange:Forward,N,False,2023-04-26T14:57:42Z,2023-04-26,2023-05-31,,False,FXRQ,False,False,,"760,973,400","110,000,000",CNY,USD,,,,,,,,,,,,,,,,,,,,,,,,,6.917911,CNY/USD,,,,,,,,,,,,,,False,,,,,,NARR,,,,,,,,760973400.00000;110000461.12186,,,,,,,,,PEXH;PEXH,CNY;USD,CNY,USD,,,,False,,,,,,,,,,,True,9.9999999999,,3.0,,,,,Physical
193,728969295,,NEWT,TRAD,2023-03-29T13:34:12Z,,FX,ForeignExchange:Forward,N,False,2023-03-29T13:34:08Z,2023-03-29,2023-04-28,,False,FXRQ,False,False,,"756,509,520","110,000,000",CNY,USD,,,,,,,,,,,,,,,,,,,,,,,,,6.877346,CNY/USD,,,,,,,,,,,,,,False,,,,,,NARR,,,,,,,,756509520.00000;110000212.29119,,,,,,,,,PEXH;PEXH,CNY;USD,CNY,USD,,,,False,,,,,,,,,,,True,9.9999999999,,3.0,,,,,Physical
194,728969264,406353643.0,CORR,,2022-08-12T19:15:28Z,,FX,ForeignExchange:VanillaOption,N,False,2022-08-12T19:14:59Z,2022-08-12,2023-07-26,,False,BILT,False,False,False,"14,220,063","20,000,000",USD,AUD,,,,,,,,,,,,,,,,,14220063.0,20000000.0,USD,AUD,,,,,,,,,,0,USD,,,,,,,0.711,AUD/USD,False,,,,,1.0,NARR,,,,,,,,,,,,,,,,,,,AUD,,,,,False,,,,,,,,,,ASIAN,False,,,,,,,,Cash
195,728969265,621812288.0,CORR,,2023-05-10T16:24:48Z,,FX,ForeignExchange:VanillaOption,N,False,2022-10-14T18:37:50Z,2022-10-14,2024-10-16,,False,FXOP,False,False,,"10,297,900","14,000,000",USD,CAD,,,,,,,,,,,,,,,,,10297900.0,14000000.0,USD,CAD,,,,,,,,,,"658,808.1525",USD,,,,,,,1.3595,USD/CAD,False,,,,,1.0,NARR,,,,,,,,,,,,,,,,,,,,,,,,False,,,,,,,,,,EUROPEAN,False,,,,,,,,Physical
196,728969266,427754384.0,CORR,,2022-09-09T18:51:12Z,,FX,ForeignExchange:VanillaOption,N,False,2022-09-09T18:51:07Z,2022-09-09,2023-08-28,,False,BILT,False,False,False,"6,000,000","8,727,273",USD,AUD,,,,,,,,,,,,,,,,,,,,,6000000.0,8727273.0,USD,AUD,,,,,,0,USD,,,,,,,0.6875,AUD/USD,False,,,,,1.0,NARR,,,,,,,,,,,,,,,,,,,AUD,,,,,False,,,,,,,,,,ASIAN,False,,,,,,,,Cash
197,728969269,621812362.0,CORR,,2023-05-10T16:24:51Z,,FX,ForeignExchange:VanillaOption,N,False,2022-10-14T18:37:50Z,2022-10-14,2024-10-16,,False,FXOP,False,False,,"10,297,900","14,000,000",USD,CAD,,,,,,,,,,,,,,,,,,,,,10297900.0,14000000.0,USD,CAD,,,,,,"547,848.28",USD,,,,,,,1.3595,USD/CAD,False,,,,,1.0,NARR,,,,,,,,,,,,,,,,,,,,,,,,False,,,,,,,,,,EUROPEAN,False,,,,,,,,Physical
198,728969270,375224928.0,MODI,TRAD,2022-07-01T14:59:22Z,True,FX,ForeignExchange:VanillaOption,N,False,2022-07-01T12:28:00Z,2022-06-29,2023-08-31,,False,BILT,False,False,False,"136,926","94,000",AUD,USD,,,,,,,,,,,,,,,,,136926.0,94000.0,AUD,USD,,,,,,,,,,0,USD,,,,,,,0.6865,AUD/USD,False,,,,,1.0,NARR,,,,,,,,,,,,,,,,,,,USD,,,,,False,,,,,,,,,,ASIAN,False,,,,,,,,Cash
199,728967612,,NEWT,TRAD,2019-05-17T20:48:20Z,,FX,ForeignExchange:NDO,N,False,2019-05-17T20:48:20Z,2019-05-17,2019-06-18,,False,BILT,True,False,True,"41,000,000","9,978,800",BRL,USD,,,,,,,,,,,,,,,,,41000000.0,,BRL,,10000000.0,,USD,,4.1087,USD/BRL,2019-06-18,,,"172,882.71",USD,,,,,,,4.1087,USD/BRL,False,,,,,1.0,,,,,,,,,,,,,,,,,,,,USD,,,,,False,,,,,,,,,CALL,EUROPEAN,False,,,,,,,,Cash
200,728967610,,NEWT,TRAD,2019-04-30T06:07:13Z,,FX,ForeignExchange:NDO,N,False,2019-04-30T06:07:13Z,2019-04-30,2019-05-29,,False,BILT,True,False,True,"1,170,000,000,000","79,863,200",IDR,USD,,,,,,,,,,,,,,,,,80000000.0,,USD,,1170000000000.0,,IDR,,"14,650",USD/IDR,2019-05-29,,,"84,255.676",USD,,,,,,,"14,650",USD/IDR,False,,,,,1.0,,,,,,,,,,,,,,,,,,,,USD,,,,,False,,,,,,,,,PUT,EUROPEAN,True,9.9999999999,,3.0,,,,,Cash
201,728967794,,NEWT,TRAD,2023-08-25T06:18:50Z,,FX,ForeignExchange:NDF,N,False,2023-08-25T06:18:50Z,2023-08-25,2023-09-20,,False,XOFF,False,True,True,"7,300,000,000","476,818",IDR,USD,,,,,,,,,,,,,,,,,,,,,,,,,"15,309.87",USD/IDR,,,,,,,,,,,,,,False,,,,,,,,,,,,,,,,,,,,,,,,,USD,,,,,False,,,,,,,,,,,False,,,,,,,,Cash
202,728967790,,NEWT,TRAD,2023-08-27T01:01:00Z,False,FX,ForeignExchange:NDF,N,True,2023-08-27T01:01:00Z,2023-08-27,2023-08-29,,False,XXXX,False,False,True,26,5,CNY,SGD,,,,,,,,,,,26.0,5.0,2023-08-27,2023-08-27,,,,,,,,,,,5.29206209,SGD/CNY,,,,,,,,,,,,,,False,,,,,,,,,,,,,,,,,,,,,,,,,CNY,SGD,,,,False,,,,,,,,,,,False,,,,,,,,
203,728967791,,NEWT,TRAD,2023-08-27T01:01:00Z,False,FX,ForeignExchange:NDF,N,True,2023-08-27T01:01:00Z,2023-08-27,2023-08-28,,False,XOFF,False,False,True,36,5,CNY,USD,,,,,,,,,,,5.0,5.0,2023-08-27,2023-08-27,,,,,,,,,,,7.1965,CNY/USD,,,,,,,,,,,,,,False,,,,,,,,,,,,,,,,,,,,,,,,,CNY,USD,,,,False,,,,,,,,,,,False,,,,,,,,
204,728967792,,NEWT,TRAD,2023-08-27T01:01:00Z,False,FX,ForeignExchange:NDF,N,True,2023-08-27T01:01:00Z,2023-08-27,2023-08-28,,False,XOFF,False,False,True,36,5,CNY,USD,,,,,,,,,,,36.0,5.0,2023-08-27,2023-08-27,,,,,,,,,,,7.1935,USD/CNY,,,,,,,,,,,,,,False,,,,,,,,,,,,,,,,,,,,,,,,,CNY,USD,,,,False,,,,,,,,,,,False,,,,,,,,
205,728967787,,NEWT,TRAD,2019-05-23T04:35:59Z,,FX,ForeignExchange:NDO,N,False,2019-05-23T04:35:59Z,2019-05-23,2019-08-26,,False,BILT,True,False,True,"1,029,599,477","33,000,000",TWD,USD,,,,,,,,,,,,,,,,,1029599477.0,,TWD,,32999983.0,,USD,,31.2,USD/TWD,2019-08-26,,,"221,297.88767",USD,,,,,,,31.2,USD/TWD,False,,,,,1.0,,,,,,,,,,,,,,,,,,,,USD,,,,,False,,,,,,,,,CALL,EUROPEAN,False,,,,,,,,Cash
206,728967753,,NEWT,TRAD,2019-06-12T16:40:02Z,,FX,ForeignExchange:NDO,N,False,2019-06-12T16:40:02Z,2019-06-12,2020-03-12,,False,BILT,False,False,True,"152,881,150","46,000,000",BRL,USD,,,,,,,,,,,,,,,,,152881150.0,,BRL,,46000045.0,,USD,,3.3235,USD/BRL,2020-03-12,,,"288,075.28181",USD,,,,,,,3.3235,USD/BRL,False,,,,,1.0,,,,,,,,,,,,,,,,,,,,USD,,,,,False,,,,,,,,,CALL,EUROPEAN,False,,,,,,,,Cash
207,728967754,,NEWT,TRAD,2019-06-13T13:48:28Z,,FX,ForeignExchange:NDO,N,False,2019-06-13T13:48:28Z,2019-06-13,2020-03-13,,False,BILT,False,False,True,"500,000,000","6,973,470",INR,USD,,,,,,,,,,,,,,,,,7000000.0,,USD,,500000000.0,,INR,,71.7,USD/INR,2020-03-13,,,"158,559.27413",USD,,,,,,,71.7,USD/INR,False,,,,,1.0,,,,,,,,,,,,,,,,,,,,USD,,,,,False,,,,,,,,,PUT,EUROPEAN,False,,,,,,,,Cash
208,728962775,728820227.0,MODI,TRAD,2023-08-25T19:26:14Z,False,FX,ForeignExchange:VanillaOption,N,False,2023-08-25T19:26:13Z,2023-08-25,2023-09-27,,False,XOFF,True,False,False,"24,000,000","283,800,000",EUR,SEK,,,,,,,,,,,,,,,,,,,,,24000000.0,283800000.0,EUR,SEK,11.825,EUR/SEK,2023-09-27,,,"139,200",EUR,,,,,,,11.825,,False,,,,,3.0,,,,,,,,,,,,,,,,,,,,,,,,,False,,,,,,,,,PUT,EUROPEAN,True,"139,200",EUR,1.0,,,,,Physical
209,728960931,,NEWT,TRAD,2019-06-25T08:32:34Z,,FX,ForeignExchange:NDO,N,False,2019-06-25T08:32:34Z,2019-06-25,2019-07-23,,False,BILT,True,False,True,"7,000,000,000","100,503,000",INR,USD,,,,,,,,,,,,,,,,,7000000000.0,,INR,,100000000.0,,USD,,69.65,USD/INR,2019-07-23,,,"572,867.1",USD,,,,,,,69.65,USD/INR,False,,,,,1.0,,,,,,,,,,,,,,,,,,,,USD,,,,,False,,,,,,,,,CALL,EUROPEAN,False,,,,,,,,Cash
210,728960932,,NEWT,TRAD,2019-04-15T07:51:39Z,,FX,ForeignExchange:NDO,N,False,2019-04-15T07:51:39Z,2019-04-15,2019-05-15,,False,BILT,True,False,True,"691,000,000,000","50,000,000",IDR,USD,,,,,,,,,,,,,,,,,691000000000.0,,IDR,,50000000.0,,USD,,"13,820",USD/IDR,2019-05-15,,,"55,000",USD,,,,,,,"13,820",USD/IDR,False,,,,,1.0,,,,,,,,,,,,,,,,,,,,USD,,,,,False,,,,,,,,,CALL,EUROPEAN,False,,,,,,,,Cash
211,728960933,,NEWT,TRAD,2019-04-25T06:49:04Z,,FX,ForeignExchange:NDO,N,False,2019-04-25T06:49:04Z,2019-04-25,2019-05-09,,False,BILT,True,False,True,"114,500,000,000","100,000,000",KRW,USD,,,,,,,,,,,,,,,,,100000000.0,,USD,,114500000000.0,,KRW,,"1,145",USD/KRW,2019-05-09,,,"461,600",USD,,,,,,,"1,145",USD/KRW,False,,,,,1.0,,,,,,,,,,,,,,,,,,,,USD,,,,,False,,,,,,,,,PUT,EUROPEAN,True,9.9999999999,,3.0,,,,,Cash
212,728960936,,NEWT,TRAD,2019-05-16T06:48:27Z,,FX,ForeignExchange:NDO,N,False,2019-05-16T06:48:27Z,2019-05-16,2020-02-27,,False,BILT,True,False,True,"510,000,000","10,000,000",PHP,USD,,,,,,,,,,,,,,,,,510000000.0,,PHP,,10000000.0,,USD,,51,USD/PHP,2020-02-27,,,"35,000",USD,,,,,,,51,USD/PHP,False,,,,,1.0,,,,,,,,,,,,,,,,,,,,USD,,,,,False,,,,,,,,,CALL,EUROPEAN,False,,,,,,,,Cash
213,728960937,,NEWT,TRAD,2019-06-21T07:54:51Z,,FX,ForeignExchange:NDO,N,False,2019-06-21T07:54:51Z,2019-06-21,2019-07-23,,False,BILT,True,False,True,"243,600,000","8,000,000",TWD,USD,,,,,,,,,,,,,,,,,243600000.0,,TWD,,8000000.0,,USD,,30.45,USD/TWD,2019-07-23,,,"13,224",USD,,,,,,,30.45,USD/TWD,False,,,,,1.0,,,,,,,,,,,,,,,,,,,,USD,,,,,False,,,,,,,,,CALL,EUROPEAN,False,,,,,,,,Cash
214,728960942,,NEWT,TRAD,2019-04-25T06:49:04Z,,FX,ForeignExchange:NDO,N,False,2019-04-25T06:49:04Z,2019-04-25,2019-05-09,,False,BILT,True,False,True,"110,000,000,000","94,420,730",KRW,USD,,,,,,,,,,,,,,,,,98000000.0,,USD,,110000000000.0,,KRW,,"1,165",USD/KRW,2019-05-09,,,0,,,,,,,,"1,165",USD/KRW,False,,,,,1.0,,,,,,,,,,,,,,,,,,,,USD,,,,,False,,,,,,,,,PUT,EUROPEAN,True,9.9999999999,,3.0,,,,,Cash
215,728540410,,NEWT,TRAD,2023-08-25T12:11:51Z,False,FX,ForeignExchange:Forward,N,False,2023-08-25T12:11:51Z,2023-08-25,2023-08-29,,False,XXXX,False,False,True,"11,000,000","245,530,330",USD,CZK,,,,,,,,,,,,,,,,,,,,,,,,,22.321,USD/CZK,,,,,,,,,,,,,,False,,,,,,,,,,,,,,,,,,,,,,,,,USD,CZK,,,,False,,,,,,,,,,,True,,,,0.000245,,3.0,,
216,728817229,,NEWT,TRAD,2023-08-25T18:14:02Z,,FX,ForeignExchange:NDF,N,False,2023-08-25T18:14:02Z,2023-08-25,2024-02-01,,False,BILT,False,False,True,"1,007,660","5,000,000",USD,BRL,,,,,,,,,,,,,,,,,,,,,,,,,4.962,USD/BRL,,,,,,,,,,,,,,False,,,,,,,,,,,,,,,,,,,,,,,,,BRL,,,,,False,,,,,,,,,,,False,,,,,,,,Cash
217,728818459,,NEWT,TRAD,2023-08-25T16:23:29Z,,FX,ForeignExchange:NDF,N,False,2023-08-25T16:23:29Z,2023-08-25,2023-09-01,,False,BILT,False,False,True,"2,457,115","12,000,000",USD,BRL,,,,,,,,,,,,,,,,,,,,,,,,,4.8838,USD/BRL,,,,,,,,,,,,,,False,,,,,,,,,,,,,,,,,,,,,,,,,BRL,,,,,False,,,,,,,,,,,False,,,,,,,,Cash
218,728967749,,NEWT,TRAD,2019-04-25T02:47:06Z,,FX,ForeignExchange:NDO,N,False,2019-04-25T02:47:06Z,2019-04-25,2020-01-20,,False,BILT,True,False,True,"38,500,000,000","35,000,000",KRW,USD,,,,,,,,,,,,,,,,,35000000.0,,USD,,38500000000.0,,KRW,,"1,100",USD/KRW,2020-01-20,,,"981,505",USD,,,,,,,"1,100",USD/KRW,False,,,,,1.0,,,,,,,,,,,,,,,,,,,,USD,,,,,False,,,,,,,,,PUT,EUROPEAN,False,,,,,,,,Cash
219,728967750,,NEWT,TRAD,2019-04-25T02:47:06Z,,FX,ForeignExchange:NDO,N,False,2019-04-25T02:47:06Z,2019-04-25,2020-01-20,,False,BILT,True,False,True,"38,500,000,000","35,000,000",KRW,USD,,,,,,,,,,,,,,,,,38500000000.0,,KRW,,35000000.0,,USD,,"1,100",USD/KRW,2020-01-20,,,"981,505",USD,,,,,,,"1,100",USD/KRW,False,,,,,1.0,,,,,,,,,,,,,,,,,,,,USD,,,,,False,,,,,,,,,CALL,EUROPEAN,False,,,,,,,,Cash
