,Dissemination Identifier,Original Dissemination Identifier,Action type,Event type,Event timestamp,Amendment indicator,Asset Class,Product name,Cleared,Mandatory clearing indicator,Execution Timestamp,Effective Date,Expiration Date,Maturity date of the underlier,Non-standardized term indicator,Platform identifier,Prime brokerage transaction indicator,Block trade election indicator,Large notional off-facility swap election indicator,Notional amount-Leg 1,Notional amount-Leg 2,Notional currency-Leg 1,Notional currency-Leg 2,Notional quantity-Leg 1,Notional quantity-Leg 2,Total notional quantity-Leg 1,Total notional quantity-Leg 2,Quantity frequency multiplier-Leg 1,Quantity frequency multiplier-Leg 2,Quantity unit of measure-Leg 1,Quantity unit of measure-Leg 2,Quantity frequency-Leg 1,Quantity frequency-Leg 2,Notional amount in effect on associated effective date-Leg 1,Notional amount in effect on associated effective date-Leg 2,Effective date of the notional amount-Leg 1,Effective date of the notional amount-Leg 2,End date of the notional amount-Leg 1,End date of the notional amount-Leg 2,Call amount-Leg 1,Call amount-Leg 2,Call currency-Leg 1,Call currency-Leg 2,Put amount-Leg 1,Put amount-Leg 2,Put currency-Leg 1,Put currency-Leg 2,Exchange rate,Exchange rate basis,First exercise date,Fixed rate-Leg 1,Fixed rate-Leg 2,Option Premium Amount,Option Premium Currency,Price,Price unit of measure,Spread-Leg 1,Spread-Leg 2,Spread currency-Leg 1,Spread currency-Leg 2,Strike Price,Strike price currency/currency pair,Post-priced swap indicator,Price currency,Price notation,Spread notation-Leg 1,Spread notation-Leg 2,Strike price notation,Fixed rate day count convention-leg 1,Fixed rate day count convention-leg 2,Floating rate day count convention-leg 1,Floating rate day count convention-leg 2,Floating rate reset frequency period-leg 1,Floating rate reset frequency period-leg 2,Floating rate reset frequency period multiplier-leg 1,Floating rate reset frequency period multiplier-leg 2,Other payment amount,Fixed rate payment frequency period-Leg 1,Floating rate payment frequency period-Leg 1,Fixed rate payment frequency period-Leg 2,Floating rate payment frequency period-Leg 2,Fixed rate payment frequency period multiplier-Leg 1,Floating rate payment frequency period multiplier-Leg 1,Fixed rate payment frequency period multiplier-Leg 2,Floating rate payment frequency period multiplier-Leg 2,Other payment type,Other payment currency,Settlement currency-Leg 1,Settlement currency-Leg 2,Settlement location-Leg 1,Settlement location-Leg 2,Collateralisation category,Custom basket indicator,Index factor,Underlier ID-Leg 1,Underlier ID-Leg 2,Underlier ID source-Leg 1,Underlying Asset Name,Underlying asset subtype or underlying contract subtype-Leg 1,Underlying asset subtype or underlying contract subtype-Leg 2,Embedded Option type,Option Type,Option Style,Package indicator,Package transaction price,Package transaction price currency,Package transaction price notation,Package transaction spread,Package transaction spread currency,Package transaction spread notation,Physical delivery location-Leg 1,Delivery Type
0,728929202,602022015.0,MODI,TRAD,2023-08-25T23:36:06Z,True,IR,InterestRate:CrossCurrency:FixedFloat,N,False,2019-09-05T23:00:06Z,2019-08-26,2029-08-26,,False,XXXX,False,False,True,"250,000","6,996,027,593",CLF,CLP,,,,,,,,,,,,,,,,,,,,,,,,,,,,-0.00146,,,,,,,,,,,,False,,,,,,A004,,,A004,,MNTH,,6.0,,MNTH,,,MNTH,6.0,,,6.0,,,EUR,EUR,,,,False,,,CLP.OFFICIAL.RATE/CLP08,,,,,OTHR,,,False,,,,,,,,Physical
1,728960066,728809095.0,TERM,NOVA,2023-08-26T00:06:19Z,,IR,InterestRate:IRSwap:FixedFloat,N,False,2023-08-25T13:49:53Z,2023-08-30,2033-08-30,,False,BILT,False,False,False,"50,000,000","50,000,000",USD,USD,,,,,,,,,,,,,,,,,,,,,,,,,,,,0.017,,,,,,,,,,,,False,,,,,,A001,,,,,MNTH,,3.0,,MNTH,,,MNTH,6.0,,,3.0,,,,,,,,False,,,USD-SOFR,,,,,,,,False,,,,,,,,
2,728960072,495184073.0,CORR,,2022-11-29T15:51:27Z,False,IR,InterestRate:IRSwap:FixedFloat,N,False,2022-11-29T15:51:27Z,2023-08-31,2044-09-30,,False,XXXX,False,False,False,"19,000,000","19,000,000",USD,USD,,,,,,,,,,,,,,,,,,,,,,,,,,,,3.277,0.0,,,,,,,,,,,False,,,,,,,,,,,,,,,MNTH,,,,3.0,,3.0,,,,,,,,,False,,,,,,,,,,,False,,,,,,,,Physical
3,728960073,495184208.0,CORR,,2022-11-29T15:56:20Z,False,IR,InterestRate:IRSwap:FixedFloat,N,False,2022-11-29T15:56:20Z,2023-08-31,2044-09-30,,False,XXXX,False,False,False,"19,000,000","19,000,000",USD,USD,,,,,,,,,,,,,,,,,,,,,,,,,,,,3.277,0.0,,,,,,,,,,,False,,,,,,,,,,,,,,,MNTH,,,,3.0,,3.0,,,,,,,,,False,,,,,,,,,,,False,,,,,,,,Physical
4,728960097,,NEWT,NOVA,2023-08-25T18:25:31Z,,IR,InterestRate:IRSwap:FixedFloat,N,True,2023-08-25T18:25:31Z,2023-06-15,2023-12-15,,False,XXXX,False,False,False,"30,000,000","30,000,000",CAD,CAD,,,,,,,,,,,,,,,,,,,,,,,,,,,,0.03015,,,,,,,0.0,,,,,False,,,,3.0,,A005,,,A005,,MNTH,,3.0,,MNTH,,,MNTH,6.0,,,6.0,,,CAD,CAD,,,,False,,,CAD-BA-CDOR,,,,,,,,False,,,,,,,,Physical
5,728960100,728960097.0,MODI,NOVA,2023-08-25T18:26:33Z,True,IR,InterestRate:IRSwap:FixedFloat,N,True,2023-08-25T18:26:16Z,2023-06-15,2023-12-15,,False,XXXX,False,False,False,"30,000,000","30,000,000",CAD,CAD,,,,,,,,,,,,,,,,,,,,,,,,,,,,0.03015,,,,,,,0.0,,,,,False,,,,3.0,,A005,,,A005,,MNTH,,3.0,,MNTH,,,MNTH,6.0,,,6.0,,,CAD,CAD,,,,False,,,CAD-BA-CDOR,,,,,,,,False,,,,,,,,Physical
6,728960101,728960100.0,MODI,NOVA,2023-08-25T18:30:53Z,True,IR,InterestRate:IRSwap:FixedFloat,N,True,2023-08-25T18:26:16Z,2023-06-15,2023-12-15,,False,XXXX,False,False,False,"30,000,000","30,000,000",CAD,CAD,,,,,,,,,,,,,,,,,,,,,,,,,,,,0.03015,,,,,,,0.0,,,,,False,,,,3.0,,A005,,,A005,,MNTH,,3.0,,MNTH,,,MNTH,6.0,,,6.0,,,CAD,CAD,,,,False,,,CAD-BA-CDOR,,,,,,,,False,,,,,,,,Physical
7,728960199,,NEWT,TRAD,2023-08-25T10:35:27Z,,IR,InterestRate:IRSwap:OIS,I,False,2023-08-25T10:35:27Z,2023-09-20,2025-09-20,,False,BILT,False,False,False,"2,000,000,000","2,000,000,000",THB,THB,,,,,,,,,,,,,,,,,,,,,,,,,,,,0.024175,,,,,,,0.0,,,,,False,,,,3.0,,A005,,,A005,,DAIL,,1.0,,MNTH,,,MNTH,3.0,,,3.0,,,USD,USD,,,,False,,,THB-THOR-OIS Compound,,,,,,,,False,,,,,,,,Cash
8,728960563,,NEWT,TRAD,2022-11-29T17:42:21Z,,IR,InterestRate:IRSwap:FixedFloat,N,False,2022-11-15T17:22:37Z,2024-09-30,2026-08-24,,False,BILT,False,False,False,"64,000,000","64,000,000",USD,USD,,,,,,,,,,,64000000;48000000;32000000;16000000,64000000;48000000;32000000;16000000,2024-09-30;2025-02-24;2025-08-24;2026-02-24,2024-09-30;2025-02-24;2025-08-24;2026-02-24,2025-02-24;2025-08-24;2026-02-24;2026-08-24,2025-02-24;2025-08-24;2026-02-24;2026-08-24,,,,,,,,,,,,0.03728,,,,,,,0.0,,,,,False,,,,3.0,,A004,,,A004,,MNTH,,6.0,,MNTH,,,MNTH,6.0,,,6.0,,,,,,,,False,,,USD-SOFR,,,,,,,,False,,,,,,,,Physical
9,728960437,,NEWT,TRAD,2022-11-29T17:42:23Z,,IR,InterestRate:CapFloor,N,False,2022-11-15T17:22:37Z,2022-11-15,2024-09-30,,False,BILT,False,False,False,"64,000,000",,USD,,,,,,,,,,,,,,,,,,,,,,,,,,,,,,,0,,,,,,,,0.045,,False,,,,,3.0,,,A004,,MNTH,,6.0,,,,MNTH,,,,6.0,,,,,,,,,,False,,USD-SOFR,,,,,,,CALL,EUROPEAN,True,9.9999999999,,3.0,,,,,Physical
10,728960495,,NEWT,TRAD,2022-11-24T10:20:49Z,,IR,InterestRate:CapFloor,N,False,2022-11-17T15:13:00Z,2022-12-31,2023-03-31,,False,BILT,False,False,False,"500,000,000",,GBP,,,,,,,,,,,,,,,,,,,,,,,,,,,,,,,0,,,,,,,,,,False,,,,,,,,A005,,MNTH,,1.0,,,,MNTH,,,,1.0,,,,,,,,,,False,,GBP-SONIA,,,,,,,PUT,EUROPEAN,True,9.9999999999,,3.0,,,,,Physical
11,728960316,727594424.0,CORR,,2023-08-26T03:44:05Z,,IR,InterestRate:Option:Swaption,N,False,2023-08-24T14:55:15Z,2023-08-24,2027-05-20,2057-05-24,True,XXXX,False,False,False,"75,000,000+","75,000,000+",USD,USD,,,,,,,,,,,,,,,,,,,,,75000000+,75000000+,USD,USD,,,2027-05-20,0.01524,,0,,,,,0.0,,,0.01524,,False,,,,3.0,3.0,A004,,,A004,,DAIL,,1.0,,YEAR,,,MNTH,1.0,,,12.0,,,,,,,,False,,,USD-SOFR-OIS Compound,,,,,,RECEIVER,EUROPEAN,False,,,,,,,,Physical
12,728960315,727267893.0,CORR,,2023-08-26T03:43:25Z,,IR,InterestRate:Option:Swaption,N,False,2023-08-24T14:56:30Z,2023-08-24,2024-08-23,2029-08-27,True,XXXX,False,False,False,"25,000,000","25,000,000",USD,USD,,,,,,,,,,,,,,,,,25000000.0,25000000.0,USD,USD,,,,,,,2024-08-23,0.037672,,"588,925",USD,,,,0.0,,,0.037672,,False,,,,3.0,3.0,A004,,,A004,,DAIL,,1.0,,YEAR,,,MNTH,1.0,,,12.0,,,,,,,,False,,,USD-SOFR-OIS Compound,,,,,MDET,PAYER,EUROPEAN,False,,,,,,,,Physical
13,728960313,,NEWT,TRAD,2023-08-26T03:40:38Z,,IR,InterestRate:Option:Swaption,N,False,2023-08-25T09:34:58Z,2022-09-12,2024-09-12,2054-09-16,False,BILT,False,False,False,"6,000,000","6,000,000",EUR,EUR,,,,,,,,,,,,,,,,,,,,,,,,,,,2024-09-12,0.02,,0,EUR,,,,,,,0.02,,False,,,,,3.0,A001,,,A004,,MNTH,,6.0,0.0,YEAR,,,MNTH,1.0,,,6.0,UFRO,EUR,,,,,,False,,,EUR-EURIBOR-Reuters,,,,,,CALL,EUROPEAN,False,,,,,,,,Physical
14,728960314,,NEWT,TRAD,2023-08-26T03:40:41Z,,IR,InterestRate:Option:Swaption,N,False,2023-08-25T09:35:07Z,2022-09-12,2024-09-12,2054-09-16,False,BILT,False,False,False,"6,000,000","6,000,000",EUR,EUR,,,,,,,,,,,,,,,,,,,,,,,,,,,2024-09-12,,0.02,0,EUR,,,,,,,0.02,,False,,,,,3.0,,A001,A004,,MNTH,,6.0,,0.0,,MNTH,YEAR,,,6.0,1.0,,UFRO,EUR,,,,,,False,,EUR-EURIBOR-Reuters,,,,,,,PUT,EUROPEAN,False,,,,,,,,Physical
15,728969247,702960563.0,CORR,,2023-07-02T14:25:59Z,,IR,InterestRate:CrossCurrency:FixedFloat,N,False,2021-02-04T15:27:01Z,2021-02-16,2026-04-15,,True,BILT,False,False,True,"547,756,000,000","39,000,000",IDR,USD,,,,,,,,,,,,,,,,,,,,,,,,,,,,0.045,,,,,,,,IDR,USD,,,False,,,,3.0,,A006,NARR,NARR,A004,,MNTH,,6.0,0.00000;39000071.19909;104520.19061,YEAR,,,MNTH,1.0,,,6.0,PEXH;PEXH;UFRO,USD;USD;USD,,,,,,False,,,SOFR,,,,,,,,False,,,,,,,,
16,728969248,702960556.0,CORR,,2023-07-02T14:21:20Z,,IR,InterestRate:CrossCurrency:FixedFixed,N,False,2021-03-08T17:08:15Z,2021-03-18,2024-03-18,,True,BILT,False,False,False,"42,000,000",1,BRL,JPY,,,,,,,,,,,,,,,,,,,,,,,,,,,,0.0435,0.0,,,,,,,BRL,JPY,,,False,,,,,,A001,A004,NARR,NARR,,,,,0.00000;0.99550;779767887.82750,MNTH,,MNTH,,6.0,,6.0,,PEXH;PEXH;UFRO,JPY;JPY;JPY,,,,,,False,,,,,,,,,,,False,,,,,,,,
17,728969249,702960558.0,CORR,,2023-07-02T14:21:05Z,,IR,InterestRate:CrossCurrency:FixedFixed,N,False,2021-03-09T10:35:25Z,2021-03-18,2024-03-18,,True,BILT,False,False,False,"240,000,000",1,INR,JPY,,,,,,,,,,,,,,,,,,,,,,,,,,,,0.0409,0.0,,,,,,,INR,JPY,,,False,,,,,,A001,A001,NARR,NARR,,,,,0.00000;350855536.77900,MNTH,,MNTH,,6.0,,6.0,,PEXH;UFRO,JPY;JPY,,,,,,False,,,,,,,,,,,False,,,,,,,,
18,728969250,702960557.0,CORR,,2023-07-02T14:17:19Z,,IR,InterestRate:CrossCurrency:FixedFloat,N,False,2021-02-18T15:04:10Z,2021-03-04,2024-02-12,,True,BILT,False,False,False,"1,523,970,000","21,000,000",INR,USD,,,,,,,,,,,,,,,,,,,,,,,,,,,,0.05,,,,,,,,INR,USD,,,False,,,,3.0,,A006,NARR,NARR,A004,,MNTH,,3.0,0.00000;20999999.99756;55936.90230,YEAR,,,YEAR,1.0,,,1.0,PEXH;PEXH;UFRO,USD;USD;USD,,,,,,False,,,SOFR,,,,,,,,False,,,,,,,,
19,728969251,702960562.0,CORR,,2023-07-02T14:20:54Z,,IR,InterestRate:CrossCurrency:FixedFloat,N,False,2021-05-10T13:10:01Z,2021-05-18,2023-09-01,,True,BILT,False,False,True,"634,295,150","99,000,000",CNY,USD,,,,,,,,,,,,,,,,,,,,,,,,,,,,0.022,,,,,,,,CNY,USD,,,False,,,,3.0,,A005,NARR,NARR,A004,,DAIL,,1.0,99000335.57365;634295150.00000;1959972.01350;99000335.57365;634295150.00000,MNTH,,,MNTH,6.0,,,3.0,UFRO;PEXH;UFRO;UFRO;PEXH,USD;CNY;CNY;USD;CNY,,,,,,False,,,USD-SOFR-COMPOUND,,,,,,,,False,,,,,,,,
20,728969252,702960561.0,CORR,,2023-07-02T14:25:25Z,,IR,InterestRate:CrossCurrency:FixedFixed,N,False,2021-03-09T15:57:09Z,2021-04-07,2026-04-07,,True,BILT,False,False,False,"80,000,000",1,BRL,JPY,,,,,,,,,,,,,,,,,,,,,,,,,,,,0.0,0.0,,,,,,,BRL,JPY,,,False,,,,,,A001,A001,NARR,NARR,,,,,0.00000;1.00000;424575000.00000;751995000.00000,MNTH,,MNTH,,6.0,,3.0,,PEXH;PEXH;UFRO;UFRO,JPY;JPY;JPY;JPY,,,,,,False,,,,,,,,,,,False,,,,,,,,
21,728969253,702960572.0,CORR,,2023-07-01T14:00:53Z,,IR,InterestRate:IRSwap:FixedFloat,N,False,2021-09-16T13:50:48Z,2006-04-03,2028-12-01,,True,XOFF,False,False,False,"6,000,000","6,000,000",USD,USD,,,,,,,,,,,,,,,,,,,,,,,,,,,,0.03795,,,,,,,,USD,USD,,,False,,,,3.0,,A001,NARR,NARR,A008,,MNTH,,3.0,,MNTH,,,MNTH,3.0,,,3.0,,,,,,,,False,,,SOFR,,,,,,,,False,,,,,,,,
22,728969237,702960536.0,CORR,,2023-07-02T14:29:13Z,,IR,InterestRate:CrossCurrency:FixedFloat,N,False,2016-11-29T17:41:41Z,2016-12-07,2026-10-19,,True,BILT,False,False,False,"85,225,101","6,000,000",MXN,USD,,,,,,,,,,,,,,,,,,,,,,,,,,,,0.0,,,,,,,,MXN,USD,,,False,,,,3.0,,A004,NARR,NARR,A004,,MNTH,,6.0,159897000.00000;478414.15850;7743496.11596;448856.43054;421124.86490;395106.62760;370695.87748;347793.28652;326305.66675;306145.61847,EXPI,,,MNTH,1.0,,,6.0,UFRO;UFRO;UFRO;PEXH;PEXH;PEXH;PEXH;PEXH;PEXH;PEXH,MXN;USD;USD;USD;USD;USD;USD;USD;USD;USD,,,,,,False,,,SOFR,,,,,,,,False,,,,,,,,
23,728969238,702960535.0,CORR,,2023-07-02T14:29:12Z,,IR,InterestRate:CrossCurrency:FixedFloat,N,False,2017-01-31T17:37:14Z,2017-02-07,2026-10-19,,True,BILT,False,False,False,0,"15,000,000",MXN,USD,,,,,,,,,,,,,,,,,,,,,,,,,,,,0.0,,,,,,,,MXN,USD,,,False,,,,3.0,,A001,NARR,NARR,A004,,MNTH,,6.0,410352000.00000;19800619.56709;1327877.11817;1238826.48702;1155747.81113;1078240.58692;1005931.17865;938471.02307;875534.89570;816819.42331,EXPI,,,MNTH,1.0,,,6.0,UFRO;UFRO;UFRO;PEXH;PEXH;PEXH;PEXH;PEXH;PEXH;PEXH,MXN;USD;USD;USD;USD;USD;USD;USD;USD;USD,,,,,,False,,,SOFR,,,,,,,,False,,,,,,,,
24,728969239,702960534.0,CORR,,2023-07-02T14:24:26Z,,IR,InterestRate:CrossCurrency:FixedFloat,N,False,2017-01-30T12:47:52Z,2017-03-14,2027-03-15,,True,XOFF,False,False,False,"60,863,888","7,000,000",ZAR,USD,,,,,,,,,,,,,,,,,,,,,,,,,,,,0.0,,,,,,,,ZAR,USD,,,False,,,,3.0,,A005,NARR,NARR,A004,,MNTH,,6.0,128134500.00000;8751067.86853;627638.82622;582623.69790;540837.10557;502047.51021;466039.96125;432614.93357;401587.17425;372784.78593,EXPI,,,MNTH,1.0,,,6.0,UFRO;PEXH;PEXH;PEXH;PEXH;PEXH;PEXH;PEXH;PEXH;PEXH,ZAR;USD;USD;USD;USD;USD;USD;USD;USD;USD,,,,,,False,,,SOFR,,,,,,,,False,,,,,,,,
25,728969240,702960537.0,CORR,,2022-12-04T21:33:07Z,,IR,InterestRate:IRSwap:OIS,N,False,2017-02-08T16:08:50Z,2017-02-08,2027-02-08,,True,BTEC,False,False,,"30,000,000","30,000,000",CAD,CAD,,,,,,,,,,,,,,,,,,,,,,,,,,,,0.01445,,,,,,,,CAD,CAD,,,False,,,,3.0,,A005,NARR,NARR,A005,,DAIL,,1.0,,MNTH,,,MNTH,6.0,,,6.0,,,,,,,,False,,,CAD-CORRA-OIS-COMPOUND,,,,,,,,False,,,,,,,,
26,728969241,709459943.0,CORR,,2023-08-04T19:03:51Z,,IR,InterestRate:CrossCurrency:FixedFixed,N,False,2020-01-22T11:49:05Z,2020-02-13,2025-02-13,,True,BILT,False,False,False,"1,000,000,000",0,INR,JPY,,,,,,,,,,,,,,,,,,,,,,,,,,,,0.04,0.0,,,,,,,INR,JPY,,,False,,,,,,A001,A004,NARR,NARR,,,,,0.00000;0.00000;1492770465.00000,MNTH,,MNTH,,6.0,,3.0,,PEXH;PEXH;UFRO,JPY;JPY;JPY,,,,,,False,,,,,,,,,,,False,,,,,,,,
27,728969242,702960549.0,CORR,,2023-07-01T12:49:14Z,,IR,InterestRate:IRSwap:FixedFloat,N,False,2011-02-04T16:07:19Z,2011-02-08,2041-02-08,,False,XOFF,False,False,False,"15,000,000","15,000,000",USD,USD,,,,,,,,,,,,,,,,,,,,,,,,,,,,0.04489,,,,,,,,USD,USD,,,False,,,,3.0,,A001,NARR,NARR,A004,,MNTH,,3.0,,MNTH,,,MNTH,6.0,,,3.0,,,,,,,,False,,,SOFR,,,,,,,,False,,,,,,,,
28,728969243,702960571.0,CORR,,2023-07-02T14:17:21Z,,IR,InterestRate:CrossCurrency:FixedFloat,N,False,2021-01-28T13:42:34Z,2021-02-11,2024-02-12,,True,BILT,False,False,True,"4,017,760,000","55,000,000",INR,USD,,,,,,,,,,,,,,,,,,,,,,,,,,,,0.05,,,,,,,,INR,USD,,,False,,,,3.0,,A006,NARR,NARR,A004,,MNTH,,3.0,0.00000;55000136.88989;115500.28440,YEAR,,,YEAR,1.0,,,1.0,PEXH;PEXH;UFRO,USD;USD;USD,,,,,,False,,,SOFR,,,,,,,,False,,,,,,,,
29,728969244,702960548.0,CORR,,2023-07-02T14:21:54Z,,IR,InterestRate:CrossCurrency:FixedFixed,N,False,2020-12-01T14:56:27Z,2020-12-10,2025-09-24,,True,BILT,False,False,False,"40,000,000",1,BRL,JPY,,,,,,,,,,,,,,,,,,,,,,,,,,,,0.0,0.0,,,,,,,BRL,JPY,,,False,,,,,,A001,A001,NARR,NARR,,,,,0.00000;1.00000;621863760.00000,MNTH,,MNTH,,6.0,,6.0,,PEXH;PEXH;UFRO,JPY;JPY;JPY,,,,,,False,,,,,,,,,,,False,,,,,,,,
30,728969245,702960575.0,CORR,,2023-07-02T14:25:13Z,,IR,InterestRate:CrossCurrency:FixedFixed,N,False,2021-03-02T11:53:27Z,2021-03-18,2028-04-18,,True,BILT,False,False,False,"360,000,000",1,INR,JPY,,,,,,,,,,,,,,,,,,,,,,,,,,,,0.008,0.0,,,,,,,INR,JPY,,,False,,,,,,A001,A004,NARR,NARR,,,,,0.00000;1.00000;407068272.00000,MNTH,,MNTH,,6.0,,6.0,,PEXH;PEXH;UFRO,JPY;JPY;JPY,,,,,,False,,,,,,,,,,,False,,,,,,,,
31,728969246,702960579.0,CORR,,2023-07-02T14:45:21Z,,IR,InterestRate:CrossCurrency:FixedFloat,N,False,2021-04-27T15:51:23Z,2021-05-20,2030-05-20,,True,XOFF,False,False,False,0,"2,000,000",JPY,USD,,,,,,,,,,,,,,,,,,,,,,,,,,,,0.0,,,,,,,,JPY,USD,,,False,,,,3.0,,A004,NARR,NARR,A004,,MNTH,,6.0,2522883.02899;44673.44699;43882.39749;43105.35804;42342.08483;41592.31664;40855.82709;40132.38107;39421.74348;38723.69666,MNTH,,,MNTH,6.0,,,6.0,PEXH;PEXH;PEXH;PEXH;PEXH;PEXH;PEXH;PEXH;PEXH;PEXH,USD;USD;USD;USD;USD;USD;USD;USD;USD;USD,,,,,,False,,,SOFR,,,,,,,,False,,,,,,,,
32,728969863,,NEWT,TRAD,2023-08-27T23:58:05Z,,IR,InterestRate:IRSwap:FixedFloat,I,False,2023-08-27T23:58:05Z,2023-02-16,2028-02-16,,,TWSF,False,False,,"3,000,000","3,000,000",AUD,AUD,,,,,,,,,,,,,,,,,,,,,,,,,,,,0.04086,,,,,,,,,,,,False,,,,,,A005,,A005,,MNTH,,6.0,,22243.85943,MNTH,MNTH,,,6.0,6.0,,,UFRO,AUD,AUD,,,,,False,,AUD-BBR-BBSW,,,,,,,,,True,"-716,700",AUD,1.0,,,,,
33,728969864,,NEWT,TRAD,2023-08-27T23:58:05Z,,IR,InterestRate:IRSwap:FixedFloat,I,False,2023-08-27T23:58:05Z,2023-08-18,2028-08-18,,,TWSF,False,False,,"340,000","340,000",AUD,AUD,,,,,,,,,,,,,,,,,,,,,,,,,,,,0.0437529,,,,,,,,,,,,False,,,,,,A005,,A005,,MNTH,,6.0,,1578.00000,MNTH,MNTH,,,6.0,6.0,,,UFRO,AUD,AUD,,,,,False,,AUD-BBR-BBSW,,,,,,,,,True,"-716,700",AUD,1.0,,,,,
34,728969865,,NEWT,TRAD,2023-08-27T23:58:05Z,,IR,InterestRate:IRSwap:FixedFloat,I,False,2023-08-27T23:58:05Z,2023-02-17,2028-02-17,,,TWSF,False,False,,"3,000,000","3,000,000",AUD,AUD,,,,,,,,,,,,,,,,,,,,,,,,,,,,0.04155,,,,,,,,,,,,False,,,,,,A005,,A005,,MNTH,,6.0,,13503.36588,MNTH,MNTH,,,6.0,6.0,,,UFRO,AUD,AUD,,,,,False,,AUD-BBR-BBSW,,,,,,,,,True,"-716,700",AUD,1.0,,,,,
35,728969866,,NEWT,TRAD,2023-08-27T23:58:05Z,,IR,InterestRate:IRSwap:FixedFloat,I,False,2023-08-27T23:58:05Z,2023-08-23,2033-08-23,,,TWSF,False,False,,"2,000,000","2,000,000",AUD,AUD,,,,,,,,,,,,,,,,,,,,,,,,,,,,0.0460555,,,,,,,,,,,,False,,,,,,A005,,A005,,MNTH,,6.0,,16991.43415,MNTH,MNTH,,,6.0,6.0,,,UFRO,AUD,AUD,,,,,False,,AUD-BBR-BBSW,,,,,,,,,True,"-716,700",AUD,1.0,,,,,
36,728969867,,NEWT,TRAD,2023-08-27T23:58:05Z,,IR,InterestRate:IRSwap:FixedFloat,I,False,2023-08-27T23:58:05Z,2023-08-22,2033-08-22,,,TWSF,False,False,,"610,000","610,000",AUD,AUD,,,,,,,,,,,,,,,,,,,,,,,,,,,,0.045955,,,,,,,,,,,,False,,,,,,A005,,A005,,MNTH,,6.0,,4653.00000,MNTH,MNTH,,,6.0,6.0,,,UFRO,AUD,AUD,,,,,False,,AUD-BBR-BBSW,,,,,,,,,True,"-716,700",AUD,1.0,,,,,
37,728969868,,NEWT,TRAD,2023-08-27T23:58:05Z,,IR,InterestRate:IRSwap:FixedFloat,I,False,2023-08-27T23:58:05Z,2023-08-22,2028-08-22,,,TWSF,False,False,,"600,000","600,000",AUD,AUD,,,,,,,,,,,,,,,,,,,,,,,,,,,,0.0431609,,,,,,,,,,,,False,,,,,,A005,,A005,,MNTH,,6.0,,1247.00000,MNTH,MNTH,,,6.0,6.0,,,UFRO,AUD,AUD,,,,,False,,AUD-BBR-BBSW,,,,,,,,,True,"-716,700",AUD,1.0,,,,,
38,728969869,,NEWT,TRAD,2023-08-27T23:58:05Z,,IR,InterestRate:IRSwap:FixedFloat,I,False,2023-08-27T23:58:05Z,2023-02-22,2033-02-22,,,TWSF,False,False,,"2,000,000","2,000,000",AUD,AUD,,,,,,,,,,,,,,,,,,,,,,,,,,,,0.044125,,,,,,,,,,,,False,,,,,,A005,,A005,,MNTH,,6.0,,11407.83720,MNTH,MNTH,,,6.0,6.0,,,UFRO,AUD,AUD,,,,,False,,AUD-BBR-BBSW,,,,,,,,,True,"-716,700",AUD,1.0,,,,,
39,728969870,,NEWT,TRAD,2023-08-27T23:58:05Z,,IR,InterestRate:IRSwap:FixedFloat,I,False,2023-08-27T23:58:05Z,2021-04-19,2031-04-19,,,TWSF,False,False,,"700,000","700,000",AUD,AUD,,,,,,,,,,,,,,,,,,,,,,,,,,,,0.0169598,,,,,,,,,,,,False,,,,,,A005,,A005,,MNTH,,6.0,,128677.00000,MNTH,MNTH,,,6.0,6.0,,,UFRO,AUD,AUD,,,,,False,,AUD-BBR-BBSW,,,,,,,,,True,"-716,700",AUD,1.0,,,,,
40,728969871,,NEWT,TRAD,2023-08-27T23:58:05Z,,IR,InterestRate:IRSwap:FixedFloat,I,False,2023-08-27T23:58:05Z,2023-08-21,2030-08-21,,,TWSF,False,False,,"1,000,000","1,000,000",AUD,AUD,,,,,,,,,,,,,,,,,,,,,,,,,,,,0.0449414,,,,,,,,,,,,False,,,,,,A005,,A005,,MNTH,,6.0,,7483.21808,MNTH,MNTH,,,6.0,6.0,,,UFRO,AUD,AUD,,,,,False,,AUD-BBR-BBSW,,,,,,,,,True,"-716,700",AUD,1.0,,,,,
41,728969872,,NEWT,TRAD,2023-08-27T23:58:06Z,,IR,InterestRate:IRSwap:FixedFloat,I,False,2023-08-27T23:58:06Z,2023-02-20,2028-02-20,,,TWSF,False,False,,"1,000,000","1,000,000",AUD,AUD,,,,,,,,,,,,,,,,,,,,,,,,,,,,0.040925,,,,,,,,,,,,False,,,,,,A005,,A005,,MNTH,,6.0,,6914.90715,MNTH,MNTH,,,6.0,6.0,,,UFRO,AUD,AUD,,,,,False,,AUD-BBR-BBSW,,,,,,,,,True,"-716,700",AUD,1.0,,,,,
42,728969873,,NEWT,TRAD,2023-08-27T23:58:05Z,,IR,InterestRate:IRSwap:FixedFloat,I,False,2023-08-27T23:58:05Z,2020-09-04,2030-09-04,,,TWSF,False,False,,"900,000","900,000",AUD,AUD,,,,,,,,,,,,,,,,,,,,,,,,,,,,0.00808,,,,,,,,,,,,False,,,,,,A005,,A005,,MNTH,,6.0,,208183.00000,MNTH,MNTH,,,6.0,6.0,,,UFRO,AUD,AUD,,,,,False,,AUD-BBR-BBSW,,,,,,,,,True,"-716,700",AUD,1.0,,,,,
43,728969874,,NEWT,TRAD,2023-08-27T23:58:05Z,,IR,InterestRate:IRSwap:FixedFloat,I,False,2023-08-27T23:58:05Z,2023-08-23,2028-08-23,,,TWSF,False,False,,"2,000,000","2,000,000",AUD,AUD,,,,,,,,,,,,,,,,,,,,,,,,,,,,0.04328,,,,,,,,,,,,False,,,,,,A005,,A005,,MNTH,,6.0,,5346.47305,MNTH,MNTH,,,6.0,6.0,,,UFRO,AUD,AUD,,,,,False,,AUD-BBR-BBSW,,,,,,,,,True,"-716,700",AUD,1.0,,,,,
44,728969875,,NEWT,TRAD,2023-08-27T23:58:06Z,,IR,InterestRate:IRSwap:FixedFloat,I,False,2023-08-27T23:58:06Z,2023-08-21,2028-08-21,,,TWSF,False,False,,"3,000,000","3,000,000",AUD,AUD,,,,,,,,,,,,,,,,,,,,,,,,,,,,0.0439309,,,,,,,,,,,,False,,,,,,A005,,A005,,MNTH,,6.0,,16337.64010,MNTH,MNTH,,,6.0,6.0,,,UFRO,AUD,AUD,,,,,False,,AUD-BBR-BBSW,,,,,,,,,True,"-716,700",AUD,1.0,,,,,
45,728969876,,NEWT,TRAD,2023-08-27T23:58:06Z,,IR,InterestRate:IRSwap:FixedFloat,I,False,2023-08-27T23:58:06Z,2023-08-18,2033-08-18,,,TWSF,False,False,,"350,000","350,000",AUD,AUD,,,,,,,,,,,,,,,,,,,,,,,,,,,,0.0463392,,,,,,,,,,,,False,,,,,,A005,,A005,,MNTH,,6.0,,3746.00000,MNTH,MNTH,,,6.0,6.0,,,UFRO,AUD,AUD,,,,,False,,AUD-BBR-BBSW,,,,,,,,,True,"-716,700",AUD,1.0,,,,,
46,728969877,,NEWT,TRAD,2023-08-27T23:58:06Z,,IR,InterestRate:IRSwap:FixedFloat,I,False,2023-08-27T23:58:06Z,2023-08-21,2033-08-21,,,TWSF,False,False,,"2,000,000","2,000,000",AUD,AUD,,,,,,,,,,,,,,,,,,,,,,,,,,,,0.0463129,,,,,,,,,,,,False,,,,,,A005,,A005,,MNTH,,6.0,,20907.91560,MNTH,MNTH,,,6.0,6.0,,,UFRO,AUD,AUD,,,,,False,,AUD-BBR-BBSW,,,,,,,,,True,"-716,700",AUD,1.0,,,,,
47,728969878,,NEWT,TRAD,2023-08-27T23:58:05Z,,IR,InterestRate:IRSwap:FixedFloat,I,False,2023-08-27T23:58:05Z,2021-04-15,2031-04-15,,,TWSF,False,False,,"40,000","40,000",AUD,AUD,,,,,,,,,,,,,,,,,,,,,,,,,,,,0.017255,,,,,,,,,,,,False,,,,,,A005,,A005,,MNTH,,6.0,,7246.00000,MNTH,MNTH,,,6.0,6.0,,,UFRO,AUD,AUD,,,,,False,,AUD-BBR-BBSW,,,,,,,,,True,"-716,700",AUD,1.0,,,,,
48,728969879,,NEWT,TRAD,2023-08-27T23:58:06Z,,IR,InterestRate:IRSwap:FixedFloat,I,False,2023-08-27T23:58:06Z,2023-02-14,2033-02-14,,,TWSF,False,False,,"700,000","700,000",AUD,AUD,,,,,,,,,,,,,,,,,,,,,,,,,,,,0.04351,,,,,,,,,,,,False,,,,,,A005,,A005,,MNTH,,6.0,,7582.00000,MNTH,MNTH,,,6.0,6.0,,,UFRO,AUD,AUD,,,,,False,,AUD-BBR-BBSW,,,,,,,,,True,"-716,700",AUD,1.0,,,,,
49,728969880,,NEWT,TRAD,2023-08-27T23:58:06Z,,IR,InterestRate:IRSwap:FixedFloat,I,False,2023-08-27T23:58:06Z,2023-08-23,2030-08-23,,,TWSF,False,False,,"980,000","980,000",AUD,AUD,,,,,,,,,,,,,,,,,,,,,,,,,,,,0.0447265,,,,,,,,,,,,False,,,,,,A005,,A005,,MNTH,,6.0,,6196.00000,MNTH,MNTH,,,6.0,6.0,,,UFRO,AUD,AUD,,,,,False,,AUD-BBR-BBSW,,,,,,,,,True,"-716,700",AUD,1.0,,,,,
50,728969881,,NEWT,TRAD,2023-08-27T23:58:06Z,,IR,InterestRate:IRSwap:FixedFloat,I,False,2023-08-27T23:58:06Z,2023-02-17,2033-02-17,,,TWSF,False,False,,"3,000,000","3,000,000",AUD,AUD,,,,,,,,,,,,,,,,,,,,,,,,,,,,0.044025,,,,,,,,,,,,False,,,,,,A005,,A005,,MNTH,,6.0,,19963.00120,MNTH,MNTH,,,6.0,6.0,,,UFRO,AUD,AUD,,,,,False,,AUD-BBR-BBSW,,,,,,,,,True,"-716,700",AUD,1.0,,,,,
51,728969882,,NEWT,TRAD,2023-08-27T23:58:06Z,,IR,InterestRate:IRSwap:FixedFloat,I,False,2023-08-27T23:58:06Z,2023-03-06,2033-03-06,,,TWSF,False,False,,"280,000","280,000",AUD,AUD,,,,,,,,,,,,,,,,,,,,,,,,,,,,0.044955,,,,,,,,,,,,False,,,,,,A005,,A005,,MNTH,,6.0,,980.00000,MNTH,MNTH,,,6.0,6.0,,,UFRO,AUD,AUD,,,,,False,,AUD-BBR-BBSW,,,,,,,,,True,"-716,700",AUD,1.0,,,,,
52,728969883,,NEWT,TRAD,2023-08-27T23:58:06Z,,IR,InterestRate:IRSwap:FixedFloat,I,False,2023-08-27T23:58:06Z,2021-04-19,2031-04-19,,,TWSF,False,False,,"1,000,000","1,000,000",AUD,AUD,,,,,,,,,,,,,,,,,,,,,,,,,,,,0.016925,,,,,,,,,,,,False,,,,,,A005,,A005,,MNTH,,6.0,,184064.88720,MNTH,MNTH,,,6.0,6.0,,,UFRO,AUD,AUD,,,,,False,,AUD-BBR-BBSW,,,,,,,,,True,"-716,700",AUD,1.0,,,,,
53,728969884,,NEWT,TRAD,2023-08-27T23:58:06Z,,IR,InterestRate:IRSwap:FixedFloat,I,False,2023-08-27T23:58:06Z,2023-03-20,2028-03-20,,,TWSF,False,False,,"60,000","60,000",AUD,AUD,,,,,,,,,,,,,,,,,,,,,,,,,,,,0.037925,,,,,,,,,,,,False,,,,,,A005,,A005,,MNTH,,6.0,,1133.00000,MNTH,MNTH,,,6.0,6.0,,,UFRO,AUD,AUD,,,,,False,,AUD-BBR-BBSW,,,,,,,,,True,"-716,700",AUD,1.0,,,,,
54,728969885,,NEWT,TRAD,2023-08-27T23:58:06Z,,IR,InterestRate:IRSwap:FixedFloat,I,False,2023-08-27T23:58:06Z,2023-03-17,2028-03-17,,,TWSF,False,False,,"500,000","500,000",AUD,AUD,,,,,,,,,,,,,,,,,,,,,,,,,,,,0.037035,,,,,,,,,,,,False,,,,,,A005,,A005,,MNTH,,6.0,,11487.00000,MNTH,MNTH,,,6.0,6.0,,,UFRO,AUD,AUD,,,,,False,,AUD-BBR-BBSW,,,,,,,,,True,"-716,700",AUD,1.0,,,,,
55,728969886,,NEWT,TRAD,2023-08-27T23:58:06Z,,IR,InterestRate:IRSwap:FixedFloat,I,False,2023-08-27T23:58:06Z,2023-08-18,2030-08-18,,,TWSF,False,False,,"150,000","150,000",AUD,AUD,,,,,,,,,,,,,,,,,,,,,,,,,,,,0.0446568,,,,,,,,,,,,False,,,,,,A005,,A005,,MNTH,,6.0,,865.00000,MNTH,MNTH,,,6.0,6.0,,,UFRO,AUD,AUD,,,,,False,,AUD-BBR-BBSW,,,,,,,,,True,"-716,700",AUD,1.0,,,,,
56,728969887,,NEWT,TRAD,2023-08-27T23:58:06Z,,IR,InterestRate:IRSwap:FixedFloat,I,False,2023-08-27T23:58:06Z,2023-08-22,2030-08-22,,,TWSF,False,False,,"260,000","260,000",AUD,AUD,,,,,,,,,,,,,,,,,,,,,,,,,,,,0.0443534,,,,,,,,,,,,False,,,,,,A005,,A005,,MNTH,,6.0,,1041.00000,MNTH,MNTH,,,6.0,6.0,,,UFRO,AUD,AUD,,,,,False,,AUD-BBR-BBSW,,,,,,,,,True,"-716,700",AUD,1.0,,,,,
57,728969790,,NEWT,TRAD,2023-08-27T23:37:05Z,False,IR,InterestRate:IRSwap:FixedFloat,I,True,2023-08-27T23:11:53Z,2029-06-20,2032-06-20,,False,BILT,False,False,True,"156,070,007+","156,070,007+",AUD,AUD,,,,,,,,,,,,,,,,,,,,,,,,,,,,0.048675,,,,,,,0.0,,,,,False,,,,3.0,,A005,,,A005,,MNTH,,6.0,,MNTH,,,MNTH,6.0,,,6.0,,,AUD,AUD,,,,False,,,AUD-BBSW,,,,,,,,False,,,,,,,,Cash
58,728969845,726325262.0,MODI,TRAD,2023-08-25T13:19:08Z,True,IR,InterestRate:CapFloor,N,False,2019-10-29T14:04:50Z,2019-10-29,2023-11-09,,False,XXXX,False,False,False,"54,000,000",,USD,,,,,,,,,,,,,,,,,,,,,,,,,,,,,,,"78,454.9",USD,,,,,,,0.0275,,False,,,,,3.0,A004,,,,MNTH,,1.0,,,,MNTH,,,,1.0,,,,,USD,,,,,False,,USD-SOFR-COMPOUND,,,,,,,,,False,,,,,,,,
59,728969732,,NEWT,TRAD,2023-08-27T23:23:54Z,,IR,InterestRate:IRSwap:FixedFloat,I,True,2023-08-27T23:23:54Z,2024-03-07,2026-03-12,,,TWSF,False,True,,"210,000,000","210,000,000",AUD,AUD,,,,,,,,,,,,,,,,,,,,,,,,,,,,0.04,,,,,,,,,,,,False,,,,,,A005,,A005,,MNTH,,3.0,,518777.59258,MNTH,MNTH,,,3.0,3.0,,,UFRO,AUD,AUD,,,,,False,,AUD-BBR-BBSW,,,,,,,,,False,,,,,,,,
60,728969791,,NEWT,TRAD,2023-08-27T23:37:23Z,False,IR,InterestRate:IRSwap:FixedFloat,I,True,2023-08-27T23:11:59Z,2032-06-16,2037-06-16,,False,BILT,False,False,False,"64,000,000","64,000,000",AUD,AUD,,,,,,,,,,,,,,,,,,,,,,,,,,,,0.05005,,,,,,,0.0,,,,,False,,,,3.0,,A005,,,A005,,MNTH,,6.0,,MNTH,,,MNTH,6.0,,,6.0,,,AUD,AUD,,,,False,,,AUD-BBSW,,,,,,,,False,,,,,,,,Cash
61,728969789,,NEWT,TRAD,2023-08-27T23:36:29Z,False,IR,InterestRate:IRSwap:FixedFloat,I,True,2023-08-27T23:11:37Z,2027-06-16,2029-06-16,,True,BILT,False,False,False,"120,000,000","120,000,000",AUD,AUD,,,,,,,,,,,,,,,,,,,,,,,,,,,,0.04445,,,,,,,0.0,,,,,False,,,,3.0,,A005,,,A005,,MNTH,,6.0,,MNTH,,,MNTH,6.0,,,6.0,,,AUD,AUD,,,,False,,,AUD-BBSW,,,,,,,,False,,,,,,,,Cash
62,728969786,,NEWT,TRAD,2023-08-27T23:32:17Z,False,IR,InterestRate:IRSwap:FixedFloat,N,True,2023-08-27T23:32:17Z,2023-09-20,2025-09-20,,False,BILT,False,False,False,"140,000,000","140,000,000",AUD,AUD,,,,,,,,,,,140000000.0,139999366,2023-09-20,2023-09-20,,,,,,,,,,,,,,0.04377,,,,,,,,USD,EUR,,,False,,,3.0,,,A005,,,A005,,MNTH,,6.0,,MNTH,,,MNTH,6.0,,,6.0,,,,AUD,,,,False,,,AUD-BBR-BBSW,,,,,,,,False,,,,,,,,
63,728969738,,NEWT,TRAD,2023-08-27T23:32:17Z,False,IR,InterestRate:IRSwap:FixedFloat,N,True,2023-08-27T23:32:17Z,2023-09-20,2025-09-20,,False,BILT,False,False,False,"140,000,000","140,000,000",AUD,AUD,,,,,,,,,,,140000000.0,139999366,2023-09-20,2023-09-20,,,,,,,,,,,,,,0.04377,,,,,,,,USD,EUR,,,False,,,3.0,,,A005,,,A005,,MNTH,,6.0,,MNTH,,,MNTH,6.0,,,6.0,,,,AUD,,,,False,,,AUD-BBR-BBSW,,,,,,,,False,,,,,,,,
64,728969737,,NEWT,TRAD,2023-08-27T23:31:58Z,,IR,InterestRate:IRSwap:FixedFloat,I,True,2023-08-27T23:31:58Z,2023-08-29,2028-08-29,,,TWSF,False,False,,"25,000,000","25,000,000",AUD,AUD,,,,,,,,,,,,,,,,,,,,,,,,,,,,0.04269,,,,,,,,,,,,False,,,,,,A005,,A005,,MNTH,,6.0,,,MNTH,MNTH,,,6.0,6.0,,,,,AUD,,,,,False,,AUD-BBR-BBSW,,,,,,,,,False,,,,,,,,
65,728969233,702960567.0,CORR,,2023-07-28T00:45:46Z,,IR,InterestRate:CrossCurrency:FixedFixed,N,False,2020-12-16T18:59:22Z,2020-08-15,2030-02-15,,True,XOFF,False,False,False,"3,826,500","3,000,000",CAD,USD,,,,,,,,,,,,,,,,,,,,,,,,,,,,0.0255,0.024,,,,,,,CAD,USD,,,False,,,,,,A001,A001,NARR,NARR,,,,,3826500.00000;3000000.00000;4166943.71000;3266910.00000,MNTH,,MNTH,,6.0,,6.0,,PEXH;PEXH;UFRO;UFRO,CAD;USD;CAD;USD,,,,,,False,,,,,,,,,,,False,,,,,,,,
66,728969234,702960594.0,CORR,,2023-07-28T00:45:45Z,,IR,InterestRate:CrossCurrency:FixedFixed,N,False,2021-09-24T18:52:24Z,2021-08-15,2051-02-15,,True,XOFF,False,False,False,"6,329,000","5,000,000",CAD,USD,,,,,,,,,,,,,,,,,,,,,,,,,,,,0.03755,0.033,,,,,,,CAD,USD,,,False,,,,,,A001,A001,NARR,NARR,,,,,6329000.00000;5000000.00000;6393819.50000;5051208.33000,MNTH,,MNTH,,6.0,,6.0,,PEXH;PEXH;UFRO;UFRO,CAD;USD;CAD;USD,,,,,,False,,,,,,,,,,,False,,,,,,,,
67,728969235,,NEWT,TRAD,2023-07-01T13:48:17Z,,IR,InterestRate:IRSwap:FixedFloat,I,False,2021-11-18T12:46:33Z,2021-03-11,2026-02-27,,False,BTFE,False,False,,"1,000,000","1,000,000",USD,USD,,,,,,,,,,,,,,,,,,,,,,,,,,,,0.00888,,,,,,,,USD,USD,,,False,,,,3.0,,A001,NARR,NARR,A004,,MNTH,,3.0,13200.00000,MNTH,,,MNTH,6.0,,,3.0,UFRO,USD,,,,,,False,,,SOFR,,,,,,,,False,,,,,,,,
68,728969215,702960539.0,CORR,,2023-07-28T00:45:49Z,,IR,InterestRate:CrossCurrency:FixedFixed,N,False,2019-02-11T17:55:20Z,2018-08-15,2027-08-15,,True,XOFF,False,False,False,"5,000,000","6,329,000",USD,CAD,,,,,,,,,,,,,,,,,,,,,,,,,,,,0.0295,0.02907,,,,,,,USD,CAD,,,False,,,,,,A001,A001,NARR,NARR,,,,,5000000.00000;6329000.00000;4877830.56000;6485563.51000;195000.00000,MNTH,,MNTH,,6.0,,6.0,,PEXH;PEXH;UFRO;UFRO;UFRO,USD;CAD;USD;CAD;CAD,,,,,,False,,,,,,,,,,,False,,,,,,,,
69,728969216,702960568.0,CORR,,2023-07-28T00:45:44Z,,IR,InterestRate:CrossCurrency:FixedFixed,N,False,2020-12-21T18:01:18Z,2020-07-23,2049-01-23,,True,XOFF,False,False,False,"7,702,200","6,000,000",CAD,USD,,,,,,,,,,,,,,,,,,,,,,,,,,,,0.05715,0.0555,,,,,,,CAD,USD,,,False,,,,,,A001,A001,NARR,NARR,,,,,7702200.00000;6000000.00000;10977907.15000;8551770.00000,MNTH,,MNTH,,6.0,,6.0,,PEXH;PEXH;UFRO;UFRO,CAD;USD;CAD;USD,,,,,,False,,,,,,,,,,,False,,,,,,,,
70,728969217,702960570.0,CORR,,2023-07-28T00:45:44Z,,IR,InterestRate:CrossCurrency:FixedFixed,N,False,2021-04-28T15:53:18Z,2021-03-02,2026-03-02,,True,XOFF,False,False,False,"7,412,995","6,000,000",CAD,USD,,,,,,,,,,,,,,,,,,,,,,,,,,,,0.01692,0.0145,,,,,,,CAD,USD,,,False,,,,,,A001,A001,NARR,NARR,,,,,7412995.30510;5999996.20000;6024572.85228;7443359.75937,MNTH,,MNTH,,6.0,,6.0,,PEXH;PEXH;UFRO;UFRO,CAD;USD;USD;CAD,,,,,,False,,,,,,,,,,,False,,,,,,,,
71,728969218,702960550.0,CORR,,2023-07-28T00:45:48Z,,IR,InterestRate:CrossCurrency:FixedFixed,N,False,2020-01-17T17:13:58Z,2019-12-30,2025-03-31,,True,XOFF,False,False,False,"2,614,400","2,000,000",CAD,USD,,,,,,,,,,,,,,,,,,,,,,,,,,,,0.06046,0.05875,,,,,,,CAD,USD,,,False,,,,,,A001,A001,NARR,NARR,,,,,2614400.00000;2000000.00000;2966455.84000;2269320.56000,MNTH,,MNTH,,6.0,,6.0,,PEXH;PEXH;UFRO;UFRO,CAD;USD;CAD;USD,,,,,,False,,,,,,,,,,,False,,,,,,,,
72,728969219,702960655.0,CORR,,2023-07-28T00:45:40Z,,IR,InterestRate:CrossCurrency:FixedFixed,N,False,2023-01-18T21:29:57Z,2022-10-23,2024-10-23,,True,XOFF,False,False,False,"20,000,000","14,836,800",CAD,USD,,,,,,,,,,,,,,,,,,,,,,,,,,,,0.03185,0.037,,,,,,,CAD,USD,,,False,,,,,,A001,A001,NARR,NARR,,,,,20000006.40000;14836800.00000;14725103.62400;19849439.68515,MNTH,,MNTH,,6.0,,6.0,,PEXH;PEXH;UFRO;UFRO,CAD;USD;USD;CAD,,,,,,False,,,,,,,,,,,False,,,,,,,,
73,728969220,702960566.0,CORR,,2023-07-28T00:45:48Z,,IR,InterestRate:CrossCurrency:FixedFixed,N,False,2021-06-04T16:52:55Z,2020-12-15,2023-12-15,,True,XOFF,False,False,False,"12,084,985","10,000,000",CAD,USD,,,,,,,,,,,,,,,,,,,,,,,,,,,,0.03366,0.0313,,,,,,,CAD,USD,,,False,,,,,,A001,A001,NARR,NARR,,,,,12084985.30464;9999987.84000;13013128.96265;10768000.79498,MNTH,,MNTH,,6.0,,6.0,,PEXH;PEXH;UFRO;UFRO,CAD;USD;CAD;USD,,,,,,False,,,,,,,,,,,False,,,,,,,,
74,728969221,702960624.0,CORR,,2023-07-28T00:45:43Z,,IR,InterestRate:CrossCurrency:FixedFixed,N,False,2022-04-13T19:59:08Z,2022-03-04,2052-03-15,,True,XOFF,False,False,False,"12,560,000","10,000,000",CAD,USD,,,,,,,,,,,,,,,,,,,,,,,,,,,,0.03883,0.0355,,,,,,,CAD,USD,,,False,,,,,,A001,A001,NARR,NARR,,,,,12560000.00000;10000000.00000;9283388.89000;11659936.45000,MNTH,,MNTH,,6.0,,6.0,,PEXH;PEXH;UFRO;UFRO,CAD;USD;USD;CAD,,,,,,False,,,,,,,,,,,False,,,,,,,,
75,728969222,702960569.0,CORR,,2023-07-28T00:45:46Z,,IR,InterestRate:CrossCurrency:Basis,N,False,2021-06-16T09:58:24Z,2021-06-08,2023-09-08,,False,XOFF,False,False,False,"9,000,000","7,459,608",USD,EUR,,,,,,,,,,,,,,,,,,,,,,,,,,,,,,,,,,0.0,0.0004,USD,EUR,,,False,,,3.0,3.0,,NARR,NARR,A004,A004,MNTH,MNTH,3.0,3.0,9000016.44875;7459607.50000,,MNTH,,MNTH,,3.0,,3.0,PEXH;PEXH,USD;EUR,,,,,,False,,USD-LIBOR-BBA,EUR-EURIBOR-Reuters,,,,,,,,False,,,,,,,,
76,728969223,702960559.0,CORR,,2023-07-28T00:45:46Z,,IR,InterestRate:CrossCurrency:FixedFixed,N,False,2021-06-21T20:02:19Z,2021-06-06,2027-06-06,,True,XOFF,False,False,False,"4,946,000","4,000,000",CAD,USD,,,,,,,,,,,,,,,,,,,,,,,,,,,,0.0399,0.037,,,,,,,CAD,USD,,,False,,,,,,A001,A001,NARR,NARR,,,,,4946000.00000;4000000.00000;5506071.30000;4452948.89000,MNTH,,MNTH,,6.0,,6.0,,PEXH;PEXH;UFRO;UFRO,CAD;USD;CAD;USD,,,,,,False,,,,,,,,,,,False,,,,,,,,
77,728969224,702960647.0,CORR,,2023-07-28T00:45:40Z,,IR,InterestRate:CrossCurrency:FixedFixed,N,False,2022-12-12T20:47:22Z,2022-09-25,2031-03-25,,True,XOFF,False,False,False,"14,000,000","10,263,900",CAD,USD,,,,,,,,,,,,,,,,,,,,,,,,,,,,0.02421,0.02875,,,,,,,CAD,USD,,,False,,,,,,A001,A001,NARR,NARR,,,,,13999959.60000;10263900.00000;8742677.40449;11925011.97775,MNTH,,MNTH,,6.0,,6.0,,PEXH;PEXH;UFRO;UFRO,CAD;USD;USD;CAD,,,,,,False,,,,,,,,,,,False,,,,,,,,
78,728969225,702960642.0,CORR,,2023-07-28T00:45:43Z,,IR,InterestRate:CrossCurrency:FixedFixed,N,False,2022-05-26T19:06:15Z,2022-03-15,2032-03-15,,True,XOFF,False,False,False,"6,391,500","5,000,000",CAD,USD,,,,,,,,,,,,,,,,,,,,,,,,,,,,0.02675,0.02375,,,,,,,CAD,USD,,,False,,,,,,A001,A001,NARR,NARR,,,,,6391500.00000;5000000.00000;4417969.44000;5647490.34000,MNTH,,MNTH,,6.0,,6.0,,PEXH;PEXH;UFRO;UFRO,CAD;USD;USD;CAD,,,,,,False,,,,,,,,,,,False,,,,,,,,
79,728969226,702960656.0,CORR,,2023-07-28T00:45:39Z,,IR,InterestRate:CrossCurrency:FixedFixed,N,False,2023-01-23T19:07:09Z,2023-01-07,2025-01-07,,True,XOFF,False,False,False,"13,000,000","9,636,800",CAD,USD,,,,,,,,,,,,,,,,,,,,,,,,,,,,0.01165,0.01716,,,,,,,CAD,USD,,,False,,,,,,A001,A001,NARR,NARR,,,,,13000043.20000;9636800.00000;1520364.34212;2049565.79305;8996238.69495;12135926.00157,MNTH,,MNTH,,6.0,,6.0,,PEXH;PEXH;UWIN;UWIN;UFRO;UFRO,CAD;USD;USD;CAD;USD;CAD,,,,,,False,,,,,,,,,,,False,,,,,,,,
80,728969227,702960551.0,CORR,,2023-07-28T00:45:47Z,,IR,InterestRate:CrossCurrency:FixedFixed,N,False,2020-01-17T17:17:11Z,2019-12-30,2025-03-31,,True,XOFF,False,False,False,"3,921,598","3,000,000",CAD,USD,,,,,,,,,,,,,,,,,,,,,,,,,,,,0.06046,0.05875,,,,,,,CAD,USD,,,False,,,,,,A001,A001,NARR,NARR,,,,,3921598.23528;2999998.65000;4448426.83280;3403019.30627,MNTH,,MNTH,,6.0,,6.0,,PEXH;PEXH;UFRO;UFRO,CAD;USD;CAD;USD,,,,,,False,,,,,,,,,,,False,,,,,,,,
81,728969228,702960553.0,CORR,,2023-07-28T00:45:49Z,,IR,InterestRate:CrossCurrency:FixedFixed,N,False,2019-12-13T17:03:48Z,2019-09-10,2024-09-10,,True,XOFF,False,False,False,"13,195,000","10,000,000",CAD,USD,,,,,,,,,,,,,,,,,,,,,,,,,,,,0.02845,0.0265,,,,,,,CAD,USD,,,False,,,,,,A001,A001,NARR,NARR,,,,,13195000.00000;10000000.00000;10078775.00000;13298943.61000,MNTH,,MNTH,,6.0,,6.0,,PEXH;PEXH;UFRO;UFRO,CAD;USD;USD;CAD,,,,,,False,,,,,,,,,,,False,,,,,,,,
82,728969229,702960538.0,CORR,,2023-07-28T00:45:49Z,,IR,InterestRate:CrossCurrency:FixedFixed,N,False,2019-03-13T18:52:55Z,2019-03-21,2026-04-15,,True,XOFF,False,False,False,"9,000,000","6,756,750",CAD,USD,,,,,,,,,,,,,,,,,,,,,,,,,,,,0.03256,0.038,,,,,,,CAD,USD,,,False,,,,,,A001,A001,NARR,NARR,,,,,8999991.00000;6756750.00000;6749520.27750;8990361.00963,MNTH,,MNTH,,6.0,,6.0,,PEXH;PEXH;UFRO;UFRO,CAD;USD;USD;CAD,,,,,,False,,,,,,,,,,,False,,,,,,,,
83,728969230,702960560.0,CORR,,2023-07-28T00:45:46Z,,IR,InterestRate:CrossCurrency:FixedFixed,N,False,2021-04-28T12:42:39Z,2020-11-17,2028-06-15,,True,XOFF,False,False,False,"12,390,000","10,000,000",CAD,USD,,,,,,,,,,,,,,,,,,,,,,,,,,,,0.0243,0.022,,,,,,,CAD,USD,,,False,,,,,,A001,A001,NARR,NARR,,,,,12390000.00000;10000000.00000;10016500.00000;12410443.50000,MNTH,,MNTH,,6.0,,6.0,,PEXH;PEXH;UFRO;UFRO,CAD;USD;USD;CAD,,,,,,False,,,,,,,,,,,False,,,,,,,,
84,728969231,702960638.0,CORR,,2023-07-28T00:45:44Z,,IR,InterestRate:CrossCurrency:FixedFixed,N,False,2022-03-29T17:55:31Z,2022-03-01,2024-09-01,,True,XOFF,False,False,False,"5,007,174","4,000,000",CAD,USD,,,,,,,,,,,,,,,,,,,,,,,,,,,,0.02772,0.0275,,,,,,,CAD,USD,,,False,,,,,,A001,A001,NARR,NARR,,,,,5007174.03767;3999979.26000;3957826.14523;4954406.76669,MNTH,,MNTH,,6.0,,6.0,,PEXH;PEXH;UFRO;UFRO,CAD;USD;USD;CAD,,,,,,False,,,,,,,,,,,False,,,,,,,,
85,728969232,702960564.0,CORR,,2023-07-28T00:45:44Z,,IR,InterestRate:CrossCurrency:FixedFixed,N,False,2021-03-08T17:24:30Z,2020-12-15,2030-06-15,,True,XOFF,False,False,False,"7,600,826","6,000,000",CAD,USD,,,,,,,,,,,,,,,,,,,,,,,,,,,,0.03938,0.037,,,,,,,CAD,USD,,,False,,,,,,A001,A001,NARR,NARR,,,,,7600826.37478;6000020.82000;6555059.40906;8303949.25594,MNTH,,MNTH,,6.0,,6.0,,PEXH;PEXH;UFRO;UFRO,CAD;USD;USD;CAD,,,,,,False,,,,,,,,,,,False,,,,,,,,
86,728969698,,NEWT,TRAD,2023-08-27T23:11:44Z,,IR,InterestRate:IRSwap:FixedFloat,I,True,2023-08-27T23:11:44Z,2024-03-20,2029-03-20,,,TWSF,False,False,,"4,000,000","4,000,000",AUD,AUD,,,,,,,,,,,,,,,,,,,,,,,,,,,,0.04283,,,,,,,,,,,,False,,,,,,A005,,A005,,MNTH,,6.0,,3169.22760,MNTH,MNTH,,,6.0,6.0,,,UFRO,AUD,AUD,,,,,False,,AUD-BBR-BBSW,,,,,,,,,True,"51,600",AUD,1.0,,,,,
87,728969699,,NEWT,TRAD,2023-08-27T23:11:44Z,,IR,InterestRate:IRSwap:FixedFloat,I,True,2023-08-27T23:11:44Z,2024-03-20,2029-03-20,,,TWSF,False,False,,"1,000,000","1,000,000",AUD,AUD,,,,,,,,,,,,,,,,,,,,,,,,,,,,0.04283,,,,,,,,,,,,False,,,,,,A005,,A005,,MNTH,,6.0,,792.30690,MNTH,MNTH,,,6.0,6.0,,,UFRO,AUD,AUD,,,,,False,,AUD-BBR-BBSW,,,,,,,,,True,"51,600",AUD,1.0,,,,,
88,728969700,,NEWT,TRAD,2023-08-27T23:11:44Z,,IR,InterestRate:IRSwap:FixedFloat,I,True,2023-08-27T23:11:44Z,2024-03-20,2029-03-20,,,TWSF,False,False,,"18,000,000","18,000,000",AUD,AUD,,,,,,,,,,,,,,,,,,,,,,,,,,,,0.04283,,,,,,,,,,,,False,,,,,,A005,,A005,,MNTH,,6.0,,14261.52420,MNTH,MNTH,,,6.0,6.0,,,UFRO,AUD,AUD,,,,,False,,AUD-BBR-BBSW,,,,,,,,,True,"51,600",AUD,1.0,,,,,
89,728969701,,NEWT,TRAD,2023-08-27T23:11:44Z,,IR,InterestRate:IRSwap:FixedFloat,I,True,2023-08-27T23:11:44Z,2024-03-20,2029-03-20,,,TWSF,False,False,,"2,000,000","2,000,000",AUD,AUD,,,,,,,,,,,,,,,,,,,,,,,,,,,,0.042672,,,,,,,,,,,,False,,,,,,A005,,A005,,MNTH,,6.0,,194.28654,MNTH,MNTH,,,6.0,6.0,,,UFRO,AUD,AUD,,,,,False,,AUD-BBR-BBSW,,,,,,,,,True,"51,600",AUD,1.0,,,,,
90,728969702,,NEWT,TRAD,2023-08-27T23:11:44Z,,IR,InterestRate:IRSwap:FixedFloat,I,True,2023-08-27T23:11:44Z,2024-03-20,2029-03-20,,,TWSF,False,False,,"4,000,000","4,000,000",AUD,AUD,,,,,,,,,,,,,,,,,,,,,,,,,,,,0.042672,,,,,,,,,,,,False,,,,,,A005,,A005,,MNTH,,6.0,,388.57104,MNTH,MNTH,,,6.0,6.0,,,UFRO,AUD,AUD,,,,,False,,AUD-BBR-BBSW,,,,,,,,,True,"51,600",AUD,1.0,,,,,
91,728969703,,NEWT,TRAD,2023-08-27T23:11:44Z,,IR,InterestRate:IRSwap:FixedFloat,I,True,2023-08-27T23:11:44Z,2024-03-20,2029-03-20,,,TWSF,False,False,,"1,000,000","1,000,000",AUD,AUD,,,,,,,,,,,,,,,,,,,,,,,,,,,,0.04283,,,,,,,,,,,,False,,,,,,A005,,A005,,MNTH,,6.0,,792.00000,MNTH,MNTH,,,6.0,6.0,,,UFRO,AUD,AUD,,,,,False,,AUD-BBR-BBSW,,,,,,,,,True,"51,600",AUD,1.0,,,,,
92,728969704,,NEWT,TRAD,2023-08-27T23:11:44Z,,IR,InterestRate:IRSwap:FixedFloat,I,True,2023-08-27T23:11:44Z,2024-03-20,2029-03-20,,,TWSF,False,False,,"2,000,000","2,000,000",AUD,AUD,,,,,,,,,,,,,,,,,,,,,,,,,,,,0.04283,,,,,,,,,,,,False,,,,,,A005,,A005,,MNTH,,6.0,,1584.61380,MNTH,MNTH,,,6.0,6.0,,,UFRO,AUD,AUD,,,,,False,,AUD-BBR-BBSW,,,,,,,,,True,"51,600",AUD,1.0,,,,,
93,728969705,,NEWT,TRAD,2023-08-27T23:11:44Z,,IR,InterestRate:IRSwap:FixedFloat,I,True,2023-08-27T23:11:44Z,2024-03-20,2029-03-20,,,TWSF,False,False,,"650,000","650,000",AUD,AUD,,,,,,,,,,,,,,,,,,,,,,,,,,,,0.04283,,,,,,,,,,,,False,,,,,,A005,,A005,,MNTH,,6.0,,515.00000,MNTH,MNTH,,,6.0,6.0,,,UFRO,AUD,AUD,,,,,False,,AUD-BBR-BBSW,,,,,,,,,True,"51,600",AUD,1.0,,,,,
94,728969706,,NEWT,TRAD,2023-08-27T23:11:44Z,,IR,InterestRate:IRSwap:FixedFloat,I,True,2023-08-27T23:11:44Z,2024-03-20,2029-03-20,,,TWSF,False,False,,"1,000,000","1,000,000",AUD,AUD,,,,,,,,,,,,,,,,,,,,,,,,,,,,0.0428375,,,,,,,,,,,,False,,,,,,A005,,A005,,MNTH,,6.0,,825.00000,MNTH,MNTH,,,6.0,6.0,,,UFRO,AUD,AUD,,,,,False,,AUD-BBR-BBSW,,,,,,,,,True,"51,600",AUD,1.0,,,,,
95,728969707,,NEWT,TRAD,2023-08-27T23:11:44Z,,IR,InterestRate:IRSwap:FixedFloat,I,True,2023-08-27T23:11:44Z,2024-03-20,2029-03-20,,,TWSF,False,False,,"1,000,000","1,000,000",AUD,AUD,,,,,,,,,,,,,,,,,,,,,,,,,,,,0.042672,,,,,,,,,,,,False,,,,,,A005,,A005,,MNTH,,6.0,,97.14276,MNTH,MNTH,,,6.0,6.0,,,UFRO,AUD,AUD,,,,,False,,AUD-BBR-BBSW,,,,,,,,,True,"51,600",AUD,1.0,,,,,
96,728969708,,NEWT,TRAD,2023-08-27T23:11:44Z,,IR,InterestRate:IRSwap:FixedFloat,I,True,2023-08-27T23:11:44Z,2024-03-20,2029-03-20,,,TWSF,False,False,,"2,000,000","2,000,000",AUD,AUD,,,,,,,,,,,,,,,,,,,,,,,,,,,,0.04283,,,,,,,,,,,,False,,,,,,A005,,A005,,MNTH,,6.0,,1584.61380,MNTH,MNTH,,,6.0,6.0,,,UFRO,AUD,AUD,,,,,False,,AUD-BBR-BBSW,,,,,,,,,True,"51,600",AUD,1.0,,,,,
97,728969709,,NEWT,TRAD,2023-08-27T23:11:44Z,,IR,InterestRate:IRSwap:FixedFloat,I,True,2023-08-27T23:11:44Z,2024-03-20,2029-03-20,,,TWSF,False,False,,"350,000","350,000",AUD,AUD,,,,,,,,,,,,,,,,,,,,,,,,,,,,0.042672,,,,,,,,,,,,False,,,,,,A005,,A005,,MNTH,,6.0,,34.00000,MNTH,MNTH,,,6.0,6.0,,,UFRO,AUD,AUD,,,,,False,,AUD-BBR-BBSW,,,,,,,,,True,"51,600",AUD,1.0,,,,,
98,728969710,,NEWT,TRAD,2023-08-27T23:11:44Z,,IR,InterestRate:IRSwap:FixedFloat,I,True,2023-08-27T23:11:44Z,2024-03-20,2029-03-20,,,TWSF,False,False,,"700,000","700,000",AUD,AUD,,,,,,,,,,,,,,,,,,,,,,,,,,,,0.042672,,,,,,,,,,,,False,,,,,,A005,,A005,,MNTH,,6.0,,68.00000,MNTH,MNTH,,,6.0,6.0,,,UFRO,AUD,AUD,,,,,False,,AUD-BBR-BBSW,,,,,,,,,True,"51,600",AUD,1.0,,,,,
99,728969711,,NEWT,TRAD,2023-08-27T23:11:44Z,,IR,InterestRate:IRSwap:FixedFloat,I,True,2023-08-27T23:11:44Z,2024-03-20,2029-03-20,,,TWSF,False,False,,"3,000,000","3,000,000",AUD,AUD,,,,,,,,,,,,,,,,,,,,,,,,,,,,0.04283,,,,,,,,,,,,False,,,,,,A005,,A005,,MNTH,,6.0,,2376.93100,MNTH,MNTH,,,6.0,6.0,,,UFRO,AUD,AUD,,,,,False,,AUD-BBR-BBSW,,,,,,,,,True,"51,600",AUD,1.0,,,,,
100,728969712,,NEWT,TRAD,2023-08-27T23:11:44Z,,IR,InterestRate:IRSwap:FixedFloat,I,True,2023-08-27T23:11:44Z,2024-03-20,2029-03-20,,,TWSF,False,False,,"1,000,000","1,000,000",AUD,AUD,,,,,,,,,,,,,,,,,,,,,,,,,,,,0.042702,,,,,,,,,,,,False,,,,,,A005,,A005,,MNTH,,6.0,,229.28709,MNTH,MNTH,,,6.0,6.0,,,UFRO,AUD,AUD,,,,,False,,AUD-BBR-BBSW,,,,,,,,,True,"51,600",AUD,1.0,,,,,
101,728969713,,NEWT,TRAD,2023-08-27T23:11:44Z,,IR,InterestRate:IRSwap:FixedFloat,I,True,2023-08-27T23:11:44Z,2024-03-20,2029-03-20,,,TWSF,False,False,,"700,000","700,000",AUD,AUD,,,,,,,,,,,,,,,,,,,,,,,,,,,,0.042672,,,,,,,,,,,,False,,,,,,A005,,A005,,MNTH,,6.0,,68.00000,MNTH,MNTH,,,6.0,6.0,,,UFRO,AUD,AUD,,,,,False,,AUD-BBR-BBSW,,,,,,,,,True,"51,600",AUD,1.0,,,,,
102,728969714,,NEWT,TRAD,2023-08-27T23:11:44Z,,IR,InterestRate:IRSwap:FixedFloat,I,True,2023-08-27T23:11:44Z,2024-03-20,2029-03-20,,,TWSF,False,False,,"7,000,000","7,000,000",AUD,AUD,,,,,,,,,,,,,,,,,,,,,,,,,,,,0.04283,,,,,,,,,,,,False,,,,,,A005,,A005,,MNTH,,6.0,,5546.14830,MNTH,MNTH,,,6.0,6.0,,,UFRO,AUD,AUD,,,,,False,,AUD-BBR-BBSW,,,,,,,,,True,"51,600",AUD,1.0,,,,,
103,728969715,,NEWT,TRAD,2023-08-27T23:11:44Z,,IR,InterestRate:IRSwap:FixedFloat,I,True,2023-08-27T23:11:44Z,2024-03-20,2029-03-20,,,TWSF,False,False,,"1,000,000","1,000,000",AUD,AUD,,,,,,,,,,,,,,,,,,,,,,,,,,,,0.042702,,,,,,,,,,,,False,,,,,,A005,,A005,,MNTH,,6.0,,229.52358,MNTH,MNTH,,,6.0,6.0,,,UFRO,AUD,AUD,,,,,False,,AUD-BBR-BBSW,,,,,,,,,True,"51,600",AUD,1.0,,,,,
104,728969716,,NEWT,TRAD,2023-08-27T23:11:44Z,,IR,InterestRate:IRSwap:FixedFloat,I,True,2023-08-27T23:11:44Z,2024-03-20,2029-03-20,,,TWSF,False,False,,"1,000,000","1,000,000",AUD,AUD,,,,,,,,,,,,,,,,,,,,,,,,,,,,0.04332,,,,,,,,,,,,False,,,,,,A005,,A005,,MNTH,,6.0,,2949.00000,MNTH,MNTH,,,6.0,6.0,,,UFRO,AUD,AUD,,,,,False,,AUD-BBR-BBSW,,,,,,,,,True,"51,600",AUD,1.0,,,,,
105,728969717,,NEWT,TRAD,2023-08-27T23:11:44Z,,IR,InterestRate:IRSwap:FixedFloat,I,True,2023-08-27T23:11:44Z,2024-03-20,2029-03-20,,,TWSF,False,False,,"1,000,000","1,000,000",AUD,AUD,,,,,,,,,,,,,,,,,,,,,,,,,,,,0.04283,,,,,,,,,,,,False,,,,,,A005,,A005,,MNTH,,6.0,,792.00000,MNTH,MNTH,,,6.0,6.0,,,UFRO,AUD,AUD,,,,,False,,AUD-BBR-BBSW,,,,,,,,,True,"51,600",AUD,1.0,,,,,
106,728969718,,NEWT,TRAD,2023-08-27T23:11:44Z,,IR,InterestRate:IRSwap:FixedFloat,I,True,2023-08-27T23:11:44Z,2024-03-20,2029-03-20,,,TWSF,False,False,,"500,000","500,000",AUD,AUD,,,,,,,,,,,,,,,,,,,,,,,,,,,,0.0433,,,,,,,,,,,,False,,,,,,A005,,A005,,MNTH,,6.0,,1430.00000,MNTH,MNTH,,,6.0,6.0,,,UFRO,AUD,AUD,,,,,False,,AUD-BBR-BBSW,,,,,,,,,True,"51,600",AUD,1.0,,,,,
107,728969719,,NEWT,TRAD,2023-08-27T23:11:44Z,,IR,InterestRate:IRSwap:FixedFloat,I,True,2023-08-27T23:11:44Z,2024-03-20,2029-03-20,,,TWSF,False,False,,"1,000,000","1,000,000",AUD,AUD,,,,,,,,,,,,,,,,,,,,,,,,,,,,0.04332,,,,,,,,,,,,False,,,,,,A005,,A005,,MNTH,,6.0,,2949.00000,MNTH,MNTH,,,6.0,6.0,,,UFRO,AUD,AUD,,,,,False,,AUD-BBR-BBSW,,,,,,,,,True,"51,600",AUD,1.0,,,,,
108,728969720,,NEWT,TRAD,2023-08-27T23:11:44Z,,IR,InterestRate:IRSwap:FixedFloat,I,True,2023-08-27T23:11:44Z,2024-03-20,2029-03-20,,,TWSF,False,False,,"10,000,000","10,000,000",AUD,AUD,,,,,,,,,,,,,,,,,,,,,,,,,,,,0.042672,,,,,,,,,,,,False,,,,,,A005,,A005,,MNTH,,6.0,,970.40991,MNTH,MNTH,,,6.0,6.0,,,UFRO,AUD,AUD,,,,,False,,AUD-BBR-BBSW,,,,,,,,,True,"51,600",AUD,1.0,,,,,
109,728969721,,NEWT,TRAD,2023-08-27T23:11:44Z,,IR,InterestRate:IRSwap:FixedFloat,I,True,2023-08-27T23:11:44Z,2024-03-20,2029-03-20,,,TWSF,False,False,,"2,000,000","2,000,000",AUD,AUD,,,,,,,,,,,,,,,,,,,,,,,,,,,,0.042672,,,,,,,,,,,,False,,,,,,A005,,A005,,MNTH,,6.0,,194.28552,MNTH,MNTH,,,6.0,6.0,,,UFRO,AUD,AUD,,,,,False,,AUD-BBR-BBSW,,,,,,,,,True,"51,600",AUD,1.0,,,,,
110,728969722,,NEWT,TRAD,2023-08-27T23:11:44Z,,IR,InterestRate:IRSwap:FixedFloat,I,True,2023-08-27T23:11:44Z,2024-03-20,2029-03-20,,,TWSF,False,False,,"2,000,000","2,000,000",AUD,AUD,,,,,,,,,,,,,,,,,,,,,,,,,,,,0.0433,,,,,,,,,,,,False,,,,,,A005,,A005,,MNTH,,6.0,,5721.00000,MNTH,MNTH,,,6.0,6.0,,,UFRO,AUD,AUD,,,,,False,,AUD-BBR-BBSW,,,,,,,,,True,"51,600",AUD,1.0,,,,,
111,728969723,,NEWT,TRAD,2023-08-27T23:11:44Z,,IR,InterestRate:IRSwap:FixedFloat,I,True,2023-08-27T23:11:44Z,2024-03-20,2029-03-20,,,TWSF,False,False,,"700,000","700,000",AUD,AUD,,,,,,,,,,,,,,,,,,,,,,,,,,,,0.042672,,,,,,,,,,,,False,,,,,,A005,,A005,,MNTH,,6.0,,66.00000,MNTH,MNTH,,,6.0,6.0,,,UFRO,AUD,AUD,,,,,False,,AUD-BBR-BBSW,,,,,,,,,True,"51,600",AUD,1.0,,,,,
112,728969724,,NEWT,TRAD,2023-08-27T23:11:44Z,,IR,InterestRate:IRSwap:FixedFloat,I,True,2023-08-27T23:11:44Z,2024-03-20,2029-03-20,,,TWSF,False,False,,"5,000,000","5,000,000",AUD,AUD,,,,,,,,,,,,,,,,,,,,,,,,,,,,0.04283,,,,,,,,,,,,False,,,,,,A005,,A005,,MNTH,,6.0,,3961.53450,MNTH,MNTH,,,6.0,6.0,,,UFRO,AUD,AUD,,,,,False,,AUD-BBR-BBSW,,,,,,,,,True,"51,600",AUD,1.0,,,,,
113,728969677,728969676.0,MODI,TRAD,2023-08-27T22:56:34Z,False,IR,InterestRate:IRSwap:FixedFloat,I,False,2023-08-27T22:56:34Z,2023-08-30,2029-08-30,,False,BILT,False,False,False,"43,000,000","43,000,000",NZD,NZD,,,,,,,,,,,,,,,,,,,,,,,,,,,,0.04895,,,,,,,0.0,,,,,False,,,,3.0,,A005,,,A005,,MNTH,,3.0,,MNTH,,,MNTH,6.0,,,3.0,,,,,,,,False,,,NZD-BKBM FRA,,,,,,,,False,,,,,,,,
114,728969676,728969675.0,MODI,TRAD,2023-08-27T22:56:34Z,False,IR,InterestRate:IRSwap:FixedFloat,I,False,2023-08-27T22:56:34Z,2023-08-30,2029-08-30,,False,BILT,False,False,False,"43,000,000","43,000,000",NZD,NZD,,,,,,,,,,,,,,,,,,,,,,,,,,,,0.04895,,,,,,,0.0,,,,,False,,,,3.0,,A005,,,A005,,MNTH,,3.0,,MNTH,,,MNTH,6.0,,,3.0,,,,,,,,False,,,NZD-BKBM FRA,,,,,,,,False,,,,,,,,
115,728969675,,NEWT,TRAD,2023-08-27T22:56:34Z,,IR,InterestRate:IRSwap:FixedFloat,N,False,2023-08-27T22:56:34Z,2023-08-30,2029-08-30,,False,XOFF,False,False,False,"43,000,000","43,000,000",NZD,NZD,,,,,,,,,,,,,,,,,,,,,,,,,,,,0.04895,,,,,,,0.0,,,,,False,,,,3.0,,A005,,,A005,,MNTH,,3.0,,MNTH,,,MNTH,6.0,,,3.0,,,,,,,,False,,,NZD-BKBM FRA,,,,,,,,False,,,,,,,,
116,728969580,728110574.0,MODI,TRAD,2023-08-25T08:50:52Z,False,IR,InterestRate:IRSwap:FixedFloat,I,False,2023-08-25T08:50:52Z,2023-08-29,2030-08-29,,False,TSEF,False,False,,"17,000,000","17,000,000",NZD,NZD,,,,,,,,,,,,,,,,,,,,,,,,,,,,0.0489,,,,,,,0.0,,,,,False,,,,3.0,,A005,,,A005,,MNTH,,3.0,,MNTH,,,MNTH,6.0,,,3.0,,,,,,,,False,,,NZD-BKBM FRA,,,,,,,,False,,,,,,,,
117,728969285,728969228.0,CORR,,2023-07-28T00:45:49Z,,IR,InterestRate:CrossCurrency:FixedFixed,N,False,2019-12-13T17:03:48Z,2019-09-10,2024-09-10,,True,XOFF,False,False,False,"13,195,000","10,000,000",CAD,USD,,,,,,,,,,,,,,,,,,,,,,,,,,,,0.02845,0.0265,,,,,,,CAD,USD,,,False,,,,,,A001,A001,NARR,NARR,,,,,13195000.00000;10000000.00000;10078775.00000;13298943.61000,MNTH,,MNTH,,6.0,,6.0,,PEXH;PEXH;UFRO;UFRO,CAD;USD;USD;CAD,,,,,,False,,,,,,,,,,,False,,,,,,,,
118,728969286,728969231.0,CORR,,2023-07-28T00:45:44Z,,IR,InterestRate:CrossCurrency:FixedFixed,N,False,2022-03-29T17:55:31Z,2022-03-01,2024-09-01,,True,XOFF,False,False,False,"5,007,174","4,000,000",CAD,USD,,,,,,,,,,,,,,,,,,,,,,,,,,,,0.02772,0.0275,,,,,,,CAD,USD,,,False,,,,,,A001,A001,NARR,NARR,,,,,5007174.03767;3999979.26000;3957826.14523;4954406.76669,MNTH,,MNTH,,6.0,,6.0,,PEXH;PEXH;UFRO;UFRO,CAD;USD;USD;CAD,,,,,,False,,,,,,,,,,,False,,,,,,,,
119,728969280,728969222.0,CORR,,2023-07-28T00:45:46Z,,IR,InterestRate:CrossCurrency:Basis,N,False,2021-06-16T09:58:24Z,2021-06-08,2023-09-08,,False,XOFF,False,False,False,"9,000,000","7,459,608",USD,EUR,,,,,,,,,,,,,,,,,,,,,,,,,,,,,,,,,,0.0,0.0004,USD,EUR,,,False,,,3.0,3.0,,NARR,NARR,A004,A004,MNTH,MNTH,3.0,3.0,9000016.44875;7459607.50000,,MNTH,,MNTH,,3.0,,3.0,PEXH;PEXH,USD;EUR,,,,,,False,,USD-LIBOR-BBA,EUR-EURIBOR-Reuters,,,,,,,,False,,,,,,,,
120,728969281,728969226.0,CORR,,2023-07-28T00:45:39Z,,IR,InterestRate:CrossCurrency:FixedFixed,N,False,2023-01-23T19:07:09Z,2023-01-07,2025-01-07,,True,XOFF,False,False,False,"13,000,000","9,636,800",CAD,USD,,,,,,,,,,,,,,,,,,,,,,,,,,,,0.01165,0.01716,,,,,,,CAD,USD,,,False,,,,,,A001,A001,NARR,NARR,,,,,13000043.20000;9636800.00000;1520364.34212;2049565.79305;8996238.69495;12135926.00157,MNTH,,MNTH,,6.0,,6.0,,PEXH;PEXH;UWIN;UWIN;UFRO;UFRO,CAD;USD;USD;CAD;USD;CAD,,,,,,False,,,,,,,,,,,False,,,,,,,,
121,728969282,728969229.0,CORR,,2023-07-28T00:45:49Z,,IR,InterestRate:CrossCurrency:FixedFixed,N,False,2019-03-13T18:52:55Z,2019-03-21,2026-04-15,,True,XOFF,False,False,False,"9,000,000","6,756,750",CAD,USD,,,,,,,,,,,,,,,,,,,,,,,,,,,,0.03256,0.038,,,,,,,CAD,USD,,,False,,,,,,A001,A001,NARR,NARR,,,,,8999991.00000;6756750.00000;6749520.27750;8990361.00963,MNTH,,MNTH,,6.0,,6.0,,PEXH;PEXH;UFRO;UFRO,CAD;USD;USD;CAD,,,,,,False,,,,,,,,,,,False,,,,,,,,
122,728969283,728969224.0,CORR,,2023-07-28T00:45:40Z,,IR,InterestRate:CrossCurrency:FixedFixed,N,False,2022-12-12T20:47:22Z,2022-09-25,2031-03-25,,True,XOFF,False,False,False,"14,000,000","10,263,900",CAD,USD,,,,,,,,,,,,,,,,,,,,,,,,,,,,0.02421,0.02875,,,,,,,CAD,USD,,,False,,,,,,A001,A001,NARR,NARR,,,,,13999959.60000;10263900.00000;8742677.40449;11925011.97775,MNTH,,MNTH,,6.0,,6.0,,PEXH;PEXH;UFRO;UFRO,CAD;USD;USD;CAD,,,,,,False,,,,,,,,,,,False,,,,,,,,
123,728969284,728969235.0,CORR,,2023-07-01T13:48:17Z,,IR,InterestRate:IRSwap:FixedFloat,I,False,2021-11-18T12:46:33Z,2021-03-11,2026-02-27,,False,BTFE,False,False,,"1,000,000","1,000,000",USD,USD,,,,,,,,,,,,,,,,,,,,,,,,,,,,0.00888,,,,,,,,USD,USD,,,False,,,,3.0,,A001,NARR,NARR,A004,,MNTH,,3.0,13200.00000,MNTH,,,MNTH,6.0,,,3.0,UFRO,USD,,,,,,False,,,SOFR,,,,,,,,False,,,,,,,,
124,728969271,728969230.0,CORR,,2023-07-28T00:45:46Z,,IR,InterestRate:CrossCurrency:FixedFixed,N,False,2021-04-28T12:42:39Z,2020-11-17,2028-06-15,,True,XOFF,False,False,False,"12,390,000","10,000,000",CAD,USD,,,,,,,,,,,,,,,,,,,,,,,,,,,,0.0243,0.022,,,,,,,CAD,USD,,,False,,,,,,A001,A001,NARR,NARR,,,,,12390000.00000;10000000.00000;10016500.00000;12410443.50000,MNTH,,MNTH,,6.0,,6.0,,PEXH;PEXH;UFRO;UFRO,CAD;USD;USD;CAD,,,,,,False,,,,,,,,,,,False,,,,,,,,
125,728969272,728969219.0,CORR,,2023-07-28T00:45:40Z,,IR,InterestRate:CrossCurrency:FixedFixed,N,False,2023-01-18T21:29:57Z,2022-10-23,2024-10-23,,True,XOFF,False,False,False,"20,000,000","14,836,800",CAD,USD,,,,,,,,,,,,,,,,,,,,,,,,,,,,0.03185,0.037,,,,,,,CAD,USD,,,False,,,,,,A001,A001,NARR,NARR,,,,,20000006.40000;14836800.00000;14725103.62400;19849439.68515,MNTH,,MNTH,,6.0,,6.0,,PEXH;PEXH;UFRO;UFRO,CAD;USD;USD;CAD,,,,,,False,,,,,,,,,,,False,,,,,,,,
126,728969273,728969233.0,CORR,,2023-07-28T00:45:46Z,,IR,InterestRate:CrossCurrency:FixedFixed,N,False,2020-12-16T18:59:22Z,2020-08-15,2030-02-15,,True,XOFF,False,False,False,"3,826,500","3,000,000",CAD,USD,,,,,,,,,,,,,,,,,,,,,,,,,,,,0.0255,0.024,,,,,,,CAD,USD,,,False,,,,,,A001,A001,NARR,NARR,,,,,3826500.00000;3000000.00000;4166943.71000;3266910.00000,MNTH,,MNTH,,6.0,,6.0,,PEXH;PEXH;UFRO;UFRO,CAD;USD;CAD;USD,,,,,,False,,,,,,,,,,,False,,,,,,,,
127,728969274,728969232.0,CORR,,2023-07-28T00:45:44Z,,IR,InterestRate:CrossCurrency:FixedFixed,N,False,2021-03-08T17:24:30Z,2020-12-15,2030-06-15,,True,XOFF,False,False,False,"7,600,826","6,000,000",CAD,USD,,,,,,,,,,,,,,,,,,,,,,,,,,,,0.03938,0.037,,,,,,,CAD,USD,,,False,,,,,,A001,A001,NARR,NARR,,,,,7600826.37478;6000020.82000;6555059.40906;8303949.25594,MNTH,,MNTH,,6.0,,6.0,,PEXH;PEXH;UFRO;UFRO,CAD;USD;USD;CAD,,,,,,False,,,,,,,,,,,False,,,,,,,,
128,728969275,728969218.0,CORR,,2023-07-28T00:45:48Z,,IR,InterestRate:CrossCurrency:FixedFixed,N,False,2020-01-17T17:13:58Z,2019-12-30,2025-03-31,,True,XOFF,False,False,False,"2,614,400","2,000,000",CAD,USD,,,,,,,,,,,,,,,,,,,,,,,,,,,,0.06046,0.05875,,,,,,,CAD,USD,,,False,,,,,,A001,A001,NARR,NARR,,,,,2614400.00000;2000000.00000;2966455.84000;2269320.56000,MNTH,,MNTH,,6.0,,6.0,,PEXH;PEXH;UFRO;UFRO,CAD;USD;CAD;USD,,,,,,False,,,,,,,,,,,False,,,,,,,,
129,728969276,728969220.0,CORR,,2023-07-28T00:45:48Z,,IR,InterestRate:CrossCurrency:FixedFixed,N,False,2021-06-04T16:52:55Z,2020-12-15,2023-12-15,,True,XOFF,False,False,False,"12,084,985","10,000,000",CAD,USD,,,,,,,,,,,,,,,,,,,,,,,,,,,,0.03366,0.0313,,,,,,,CAD,USD,,,False,,,,,,A001,A001,NARR,NARR,,,,,12084985.30464;9999987.84000;13013128.96265;10768000.79498,MNTH,,MNTH,,6.0,,6.0,,PEXH;PEXH;UFRO;UFRO,CAD;USD;CAD;USD,,,,,,False,,,,,,,,,,,False,,,,,,,,
130,728969277,728969234.0,CORR,,2023-07-28T00:45:45Z,,IR,InterestRate:CrossCurrency:FixedFixed,N,False,2021-09-24T18:52:24Z,2021-08-15,2051-02-15,,True,XOFF,False,False,False,"6,329,000","5,000,000",CAD,USD,,,,,,,,,,,,,,,,,,,,,,,,,,,,0.03755,0.033,,,,,,,CAD,USD,,,False,,,,,,A001,A001,NARR,NARR,,,,,6329000.00000;5000000.00000;6393819.50000;5051208.33000,MNTH,,MNTH,,6.0,,6.0,,PEXH;PEXH;UFRO;UFRO,CAD;USD;CAD;USD,,,,,,False,,,,,,,,,,,False,,,,,,,,
131,728969278,728969223.0,CORR,,2023-07-28T00:45:46Z,,IR,InterestRate:CrossCurrency:FixedFixed,N,False,2021-06-21T20:02:19Z,2021-06-06,2027-06-06,,True,XOFF,False,False,False,"4,946,000","4,000,000",CAD,USD,,,,,,,,,,,,,,,,,,,,,,,,,,,,0.0399,0.037,,,,,,,CAD,USD,,,False,,,,,,A001,A001,NARR,NARR,,,,,4946000.00000;4000000.00000;5506071.30000;4452948.89000,MNTH,,MNTH,,6.0,,6.0,,PEXH;PEXH;UFRO;UFRO,CAD;USD;CAD;USD,,,,,,False,,,,,,,,,,,False,,,,,,,,
132,728969279,728969215.0,CORR,,2023-07-28T00:45:49Z,,IR,InterestRate:CrossCurrency:FixedFixed,N,False,2019-02-11T17:55:20Z,2018-08-15,2027-08-15,,True,XOFF,False,False,False,"5,000,000","6,329,000",USD,CAD,,,,,,,,,,,,,,,,,,,,,,,,,,,,0.0295,0.02907,,,,,,,USD,CAD,,,False,,,,,,A001,A001,NARR,NARR,,,,,5000000.00000;6329000.00000;4877830.56000;6485563.51000;195000.00000,MNTH,,MNTH,,6.0,,6.0,,PEXH;PEXH;UFRO;UFRO;UFRO,USD;CAD;USD;CAD;CAD,,,,,,False,,,,,,,,,,,False,,,,,,,,
133,728969267,728969227.0,CORR,,2023-07-28T00:45:47Z,,IR,InterestRate:CrossCurrency:FixedFixed,N,False,2020-01-17T17:17:11Z,2019-12-30,2025-03-31,,True,XOFF,False,False,False,"3,921,598","3,000,000",CAD,USD,,,,,,,,,,,,,,,,,,,,,,,,,,,,0.06046,0.05875,,,,,,,CAD,USD,,,False,,,,,,A001,A001,NARR,NARR,,,,,3921598.23528;2999998.65000;4448426.83280;3403019.30627,MNTH,,MNTH,,6.0,,6.0,,PEXH;PEXH;UFRO;UFRO,CAD;USD;CAD;USD,,,,,,False,,,,,,,,,,,False,,,,,,,,
134,728969268,728969225.0,CORR,,2023-07-28T00:45:43Z,,IR,InterestRate:CrossCurrency:FixedFixed,N,False,2022-05-26T19:06:15Z,2022-03-15,2032-03-15,,True,XOFF,False,False,False,"6,391,500","5,000,000",CAD,USD,,,,,,,,,,,,,,,,,,,,,,,,,,,,0.02675,0.02375,,,,,,,CAD,USD,,,False,,,,,,A001,A001,NARR,NARR,,,,,6391500.00000;5000000.00000;4417969.44000;5647490.34000,MNTH,,MNTH,,6.0,,6.0,,PEXH;PEXH;UFRO;UFRO,CAD;USD;USD;CAD,,,,,,False,,,,,,,,,,,False,,,,,,,,
135,728969260,728969221.0,CORR,,2023-07-28T00:45:43Z,,IR,InterestRate:CrossCurrency:FixedFixed,N,False,2022-04-13T19:59:08Z,2022-03-04,2052-03-15,,True,XOFF,False,False,False,"12,560,000","10,000,000",CAD,USD,,,,,,,,,,,,,,,,,,,,,,,,,,,,0.03883,0.0355,,,,,,,CAD,USD,,,False,,,,,,A001,A001,NARR,NARR,,,,,12560000.00000;10000000.00000;9283388.89000;11659936.45000,MNTH,,MNTH,,6.0,,6.0,,PEXH;PEXH;UFRO;UFRO,CAD;USD;USD;CAD,,,,,,False,,,,,,,,,,,False,,,,,,,,
136,728969261,728969217.0,CORR,,2023-07-28T00:45:44Z,,IR,InterestRate:CrossCurrency:FixedFixed,N,False,2021-04-28T15:53:18Z,2021-03-02,2026-03-02,,True,XOFF,False,False,False,"7,412,995","6,000,000",CAD,USD,,,,,,,,,,,,,,,,,,,,,,,,,,,,0.01692,0.0145,,,,,,,CAD,USD,,,False,,,,,,A001,A001,NARR,NARR,,,,,7412995.30510;5999996.20000;6024572.85228;7443359.75937,MNTH,,MNTH,,6.0,,6.0,,PEXH;PEXH;UFRO;UFRO,CAD;USD;USD;CAD,,,,,,False,,,,,,,,,,,False,,,,,,,,
137,728969262,728969216.0,CORR,,2023-07-28T00:45:44Z,,IR,InterestRate:CrossCurrency:FixedFixed,N,False,2020-12-21T18:01:18Z,2020-07-23,2049-01-23,,True,XOFF,False,False,False,"7,702,200","6,000,000",CAD,USD,,,,,,,,,,,,,,,,,,,,,,,,,,,,0.05715,0.0555,,,,,,,CAD,USD,,,False,,,,,,A001,A001,NARR,NARR,,,,,7702200.00000;6000000.00000;10977907.15000;8551770.00000,MNTH,,MNTH,,6.0,,6.0,,PEXH;PEXH;UFRO;UFRO,CAD;USD;CAD;USD,,,,,,False,,,,,,,,,,,False,,,,,,,,
138,728969259,702960664.0,CORR,,2023-07-17T16:19:50Z,,IR,InterestRate:IRSwap:OIS,N,False,2023-07-17T14:37:08Z,2023-07-19,2033-07-19,,True,BILT,False,False,False,"25,000,000","25,000,000",USD,USD,,,,,,,,,,,,,,,,,,,,,,,,,,,,0.02689,,,,,,,,USD,USD,,,False,,,,3.0,,A004,NARR,NARR,A004,,DAIL,,1.0,,YEAR,,,YEAR,1.0,,,1.0,,,,,,,,False,,,USD-SOFR-COMPOUND,,,,,,,,False,,,,,,,,
139,728969258,702960667.0,CORR,,2023-04-17T20:27:52Z,,IR,InterestRate:IRSwap:OIS,N,False,2023-04-17T19:22:08Z,2023-04-19,2027-11-11,,True,BILT,False,False,False,"3,000,000","3,000,000",USD,USD,,,,,,,,,,,,,,,,,,,,,,,,,,,,,0.03519,,,,,0.0,,USD,USD,,,False,,,3.0,,,NARR,A004,A004,NARR,DAIL,,1.0,,,,YEAR,YEAR,,,1.0,1.0,,,,,,,,,False,,USD-SOFR-COMPOUND,,,,,,,,,False,,,,,,,,
140,728969257,702960653.0,CORR,,2023-07-02T14:24:40Z,,IR,InterestRate:CrossCurrency:FixedFloat,N,False,2023-03-21T03:44:21Z,2023-03-23,2025-03-23,,True,BILT,False,False,False,"68,808,000","10,000,000",CNY,USD,,,,,,,,,,,,,,,,,,,,,,,,,,,,0.02545,,,,,,,,CNY,USD,,,False,,,,3.0,,A004,NARR,NARR,A004,,DAIL,,1.0,68808000.00000;10000000.00000;68808000.00000;10000000.00000,MNTH,,,MNTH,3.0,,,3.0,PEXH;PEXH;PEXH;PEXH,CNY;USD;CNY;USD,,,,,,False,,,USD-SOFR-COMPOUND,,,,,,,,False,,,,,,,,
141,728969255,702960643.0,CORR,,2023-07-01T12:47:00Z,,IR,InterestRate:CapFloor,N,False,2020-02-12T15:17:26Z,2022-11-14,2024-02-14,,False,XOFF,False,False,True,"460,000,000+",,USD,,,,,,,,,,,,,,,,,,,,,,,,,,,,,,,,,,,,,USD,,,,False,,,,,,NARR,NARR,A004,NARR,MNTH,,1.0,,1104.00000,,MNTH,,,,1.0,,,UFRO,USD,,,,,,False,,SOFR,,,,,,,,,False,,,,,,,,
142,728969254,727513575.0,CORR,,2023-08-24T19:10:35Z,,IR,InterestRate:CrossCurrency:Basis,N,False,2021-11-24T17:09:46Z,2021-11-29,2025-11-29,,True,BGCD,False,False,,"53,657,500","50,000,000",USD,EUR,,,,,,,,,,,,,,,,,,,,,,,,,,,,,,,,,,0.0,-0.002025,,EUR,,,False,,,3.0,3.0,,NARR,NARR,A004,A004,DAIL,DAIL,1.0,1.0,54242500.00000;50000000.00000;55950000.00000;50000000.00000,,MNTH,,MNTH,,3.0,,3.0,PEXH;PEXH;PEXH;PEXH,USD;EUR;USD;EUR,,,,,,False,,USD-SOFR-COMPOUND,EUR-EuroSTR-COMPOUND,,,,,,,,False,,,,,,,,
143,728969892,,NEWT,TRAD,2023-08-27T23:58:54Z,,IR,InterestRate:IRSwap:Basis,I,True,2023-08-27T23:58:54Z,2023-08-29,2027-08-29,,False,TPSE,False,False,,"156,070,007+","156,070,007+",AUD,AUD,,,,,,,,,,,,,,,,,,,,,,,,,,,,,,,,,,0.0013875,0.0,,,,,False,,,3.0,3.0,,,,A005,A005,MNTH,MNTH,3.0,6.0,,,MNTH,,MNTH,,3.0,,6.0,,,,,,,,False,,AUD-BBSW,AUD-BBSW,,,,,,,,False,,,,,,,,
144,728967795,,NEWT,TRAD,2023-02-22T02:29:19Z,,IR,InterestRate:CrossCurrency:Basis,N,False,2023-02-22T02:29:19Z,2023-02-27,2024-08-27,,False,TCDS,False,False,False,"6,730,006,200","50,000,000",JPY,USD,,,,,,,,,,,,48000000;46000000;46000000;47000000;48000000,,2023-05-30;2023-08-28;2023-11-27;2024-02-27;2024-05-28,,2023-05-30;2023-08-28;2023-11-27;2024-02-27;2024-05-28,,,,,,,,,,,,,,,,,,-0.0048,0.0,,,,,False,,,3.0,3.0,,,,A005,A004,DAIL,DAIL,1.0,1.0,,,MNTH,,MNTH,,3.0,,3.0,,,,,,,,False,,JPY-TONA-OIS Compound,USD-SOFR-OIS Compound,,,,,,,,False,,,,,,,,Physical
145,728967782,601852883.0,CORR,,2023-04-19T15:48:23Z,,IR,InterestRate:CapFloor,N,False,2023-04-19T13:51:00Z,2026-04-21,2033-04-19,,False,BILT,False,False,True,"155,209,993+",,EUR,,,,,,,,,,,,,,,,,,,,,,,,,,,,,,,,,,,0.0,,,,0.04,,False,,,3.0,,3.0,,,A004,,MNTH,,3.0,,,,MNTH,,,,3.0,,,,,,,,,,False,,EUR-EURIBOR-Reuters,,,,,,,STRADDLE,EUROPEAN,False,,,,,,,,Physical
146,728967783,727252561.0,CORR,,2023-08-24T00:51:50Z,,IR,InterestRate:IRSwap:OIS,I,True,2023-08-24T00:33:53Z,2023-11-08,2023-12-06,,False,XYIE,False,False,False,"2,000,000,000","2,000,000,000",AUD,AUD,,,,,,,,,,,,,,,,,,,,,,,,,,,,0.04151,,,,,,,0.0,,,,,False,,,,3.0,,A005,,,A005,,DAIL,,1.0,,EXPI,,,EXPI,1.0,,,1.0,,,,,,,,False,,,AUD-AONIA-OIS Compound,,,,,,,,False,,,,,,,,Physical
147,728967784,689078885.0,CORR,,2023-07-13T15:42:10Z,,IR,InterestRate:Option:Swaption,N,False,2023-07-13T14:48:40Z,2023-07-13,2028-08-21,2048-08-21,False,BILT,False,False,False,"27,000,000","27,000,000",USD,USD,,,,,,,,,,,,,,,,,,,,,,,,,,,2028-08-21,0.02586,,"1,363,494.3864",USD,,,,0.0,,,0.02586,,False,,,,3.0,3.0,A004,,,A004,,DAIL,,1.0,,YEAR,,,YEAR,1.0,,,1.0,,,,,,,,False,,,USD-SOFR-OIS Compound,,,,,,PAYER,EUROPEAN,False,,,,,,,,Physical
148,728967785,727252561.0,CORR,,2023-08-24T00:51:58Z,,IR,InterestRate:IRSwap:OIS,I,True,2023-08-24T00:27:15Z,2023-11-08,2023-12-06,,False,XYIE,False,False,False,"2,000,000,000","2,000,000,000",AUD,AUD,,,,,,,,,,,,,,,,,,,,,,,,,,,,0.04151,,,,,,,0.0,,,,,False,,,,3.0,,A005,,,A005,,DAIL,,1.0,,EXPI,,,EXPI,1.0,,,1.0,,,,,,,,False,,,AUD-AONIA-OIS Compound,,,,,,,,False,,,,,,,,Physical
149,728967765,721894970.0,CORR,,2023-08-27T17:08:52Z,,IR,InterestRate:IRSwap:FixedFloat,N,False,2023-08-18T12:50:54Z,2035-06-20,2040-06-20,,False,BNPS,False,False,False,"58,000,000","58,000,000",EUR,EUR,,,,,,,,,,,,,,,,,,,,,,,,,,,,0.031325,,,,,,,,,,,,False,,,,,,A001,,,,,MNTH,,6.0,,MNTH,,,MNTH,12.0,,,6.0,,,,,,,,False,,,EUR-EURIBOR,,,,,,,,True,9.9999999999,,3.0,,,,,
150,728967759,723326453.0,CORR,,2023-08-27T17:07:29Z,,IR,InterestRate:IRSwap:FixedFloat,N,False,2023-08-21T08:55:47Z,2023-09-20,2028-09-20,,False,BNPS,False,False,False,"600,000,000","600,000,000",SEK,SEK,,,,,,,,,,,,,,,,,,,,,,,,,,,,0.03235,,,,,,,,,,,,False,,,,,,A001,,,,,MNTH,,3.0,8464460.40000,MNTH,,,MNTH,12.0,,,3.0,UFRO,SEK,,,,,,False,,,SEK-STIBOR,,,,,,,,False,,,,,,,,
151,728967758,725125004.0,CORR,,2023-08-27T17:06:34Z,,IR,InterestRate:IRSwap:FixedFloat,N,False,2023-08-22T13:02:05Z,2023-09-20,2028-09-20,,False,BNPS,False,False,False,"20,000,000","20,000,000",EUR,EUR,,,,,,,,,,,,,,,,,,,,,,,,,,,,0.03328,,,,,,,,,,,,False,,,,,,A001,,,,,MNTH,,6.0,,MNTH,,,MNTH,12.0,,,6.0,,,,,,,,False,,,EUR-EURIBOR,,,,,,,,False,,,,,,,,
152,728967757,726081424.0,CORR,,2023-08-27T17:05:40Z,,IR,InterestRate:IRSwap:OIS,N,False,2023-08-23T08:36:05Z,2023-09-11,2032-08-15,,False,BNPS,False,False,False,"35,000,000","35,000,000",EUR,EUR,,,,,,,,,,,,,,,,,,,,,,,,,,,,0.0290396,,,,,,,,,,,,False,,,,,,A004,,,,,MNTH,,12.0,,MNTH,,,MNTH,12.0,,,12.0,,,,,,,,False,,,EUR-EuroSTR-OIS Compound,,,,,,,,True,9.9999999999,,3.0,,,,,
153,728967756,728458642.0,CORR,,2023-08-27T17:04:58Z,,IR,InterestRate:FRA,N,False,2023-08-23T13:51:22Z,2024-01-17,2024-04-17,,False,BILT,False,False,False,"950,000,000","950,000,000",EUR,EUR,,,,,,,,,,,,,,,,,,,,,,,,,,,,0.038702,,,,,,,,,,,,False,,,,,,A004,,,,,,,,,,,,,,,,,,,,,,,,False,,,EUR-EURIBOR,,,,,,,,False,,,,,,,,
154,728967755,726081284.0,CORR,,2023-08-27T17:03:57Z,,IR,InterestRate:IRSwap:OIS,N,False,2023-08-23T09:23:39Z,2023-09-11,2028-04-13,,False,BNPS,False,False,False,"110,000,000","110,000,000",EUR,EUR,,,,,,,,,,,,,,,,,,,,,,,,,,,,0.0299776,,,,,,,,,,,,False,,,,,,A004,,,,,MNTH,,12.0,,MNTH,,,MNTH,12.0,,,12.0,,,,,,,,False,,,EUR-EuroSTR-OIS Compound,,,,,,,,True,9.9999999999,,3.0,,,,,
155,728967752,726668979.0,CORR,,2023-08-27T17:02:21Z,,IR,InterestRate:IRSwap:FixedFloat,N,False,2023-08-23T10:13:28Z,2023-09-11,2028-04-13,,False,BILT,False,False,False,"96,000,000","96,000,000",EUR,EUR,,,,,,,,,,,,,,,,,,,,,,,,,,,,0.0336705,,,,,,,,,,,,False,,,,,,A001,,,,,MNTH,,6.0,511064.01600,MNTH,,,MNTH,12.0,,,6.0,UFRO,EUR,,,,,,False,,,EUR-EURIBOR,,,,,,,,False,,,,,,,,
156,728967751,726642186.0,CORR,,2023-08-27T16:59:25Z,,IR,InterestRate:IRSwap:OIS,I,False,2023-08-24T07:22:34Z,2023-12-20,2024-01-31,,,BNPS,False,False,False,"2,000,000,000","2,000,000,000",EUR,EUR,,,,,,,,,,,,,,,,,,,,,,,,,,,,0.03848,,,,,,,,,,,,False,,,,,,A004,,,,,EXPI,,1.0,,EXPI,,,EXPI,1.0,,,1.0,,,,,,,,False,,,EUR-EuroSTR-OIS Compound,,,,,,,,True,9.9999999999,,3.0,,,,,
157,728817579,,NEWT,TRAD,2023-08-25T18:33:19Z,False,IR,InterestRate:CrossCurrency:FixedFixed,N,False,2023-08-25T18:33:17Z,2022-09-13,2029-09-13,,False,XXXX,False,False,True,"108,313,920","170,000,000+",GBP,USD,,,,,,,,,,,,,,,,,,,,,,,,,,,,0.04,0.0470866,,,,,,,,USD,,,False,,,,,,A015,A015,,,,,,,,YEAR,,YEAR,,1.0,,1.0,,,,,,,,,False,,,,,,,,,,,False,,,,,,,,
158,728916129,728818374.0,TERM,ETRM,2023-08-25T22:02:23Z,,IR,InterestRate:CrossCurrency:FixedFixed,N,False,2014-12-10T17:38:21Z,2014-09-13,2029-09-13,,False,XXXX,False,False,True,"76,458,720","120,000,000+",GBP,USD,,,,,,,,,,,,,,,,,,,,,,,,,,,,0.04,0.04587,,,,,,,,USD,,,False,,,,,,A015,A015,,,,,,,,YEAR,,YEAR,,1.0,,1.0,,,,,,,,,False,,,,,,,,,,,False,,,,,,,,
159,728967748,563610117.0,CORR,,2023-08-27T16:16:26Z,,IR,InterestRate:IRSwap:OIS,N,False,2023-03-03T14:52:54Z,2023-03-07,2028-08-15,,False,BNPS,False,False,False,"157,470,994+","157,470,994+",EUR,EUR,,,,,,,,,,,,,,,,,,,,,,,,,,,,0.0316,,,,,,,,,,,,False,,,,,,A004,,,,,MNTH,,12.0,,MNTH,,,MNTH,12.0,,,12.0,,,,,,,,False,,,EUR-EuroSTR-OIS Compound,,,,,,,,True,9.9999999999,,3.0,,,,,
160,728967747,571905864.0,CORR,,2023-08-27T16:15:38Z,,IR,InterestRate:IRSwap:OIS,N,False,2023-03-13T16:32:21Z,2023-03-15,2053-02-15,,False,BNPS,False,False,False,"24,000,000","24,000,000",EUR,EUR,,,,,,,,,,,,,,,,,,,,,,,,,,,,0.023895,,,,,,,,,,,,False,,,,,,A004,,,,,MNTH,,12.0,,MNTH,,,MNTH,12.0,,,12.0,,,,,,,,False,,,EUR-EuroSTR-OIS Compound,,,,,,,,True,9.9999999999,,3.0,,,,,
161,728967746,573358205.0,CORR,,2023-08-27T16:14:14Z,,IR,InterestRate:IRSwap:FixedFloat,N,False,2023-03-15T15:42:33Z,2023-06-12,2025-03-13,,False,BNPS,False,False,False,"300,000,000","300,000,000",EUR,EUR,,,,,,,,,,,,,,,,,,,,,,,,,,,,0.0327097,,,,,,,,,,,,False,,,,,,A001,,,,,MNTH,,6.0,,MNTH,,,MNTH,12.0,,,6.0,,,,,,,,False,,,EUR-EURIBOR,,,,,,,,True,9.9999999999,,3.0,,,,,
162,728967745,579947933.0,CORR,,2023-08-27T16:13:39Z,,IR,InterestRate:IRSwap:OIS,N,False,2023-03-17T13:47:01Z,2023-09-20,2023-11-01,,False,BNPS,False,False,False,"5,928,319,759+","5,928,319,759+",EUR,EUR,,,,,,,,,,,,,,,,,,,,,,,,,,,,0.031735,,,,,,,,,,,,False,,,,,,A004,,,,,EXPI,,1.0,,EXPI,,,EXPI,1.0,,,1.0,,,,,,,,False,,,EUR-EuroSTR-OIS Compound,,,,,,,,False,,,,,,,,
163,728967744,599171422.0,CORR,,2023-08-27T16:12:55Z,,IR,InterestRate:IRSwap:OIS,N,False,2023-03-29T15:18:45Z,2023-09-20,2023-11-01,,False,BNPS,False,False,False,"5,928,319,759+","5,928,319,759+",EUR,EUR,,,,,,,,,,,,,,,,,,,,,,,,,,,,0.03365,,,,,,,,,,,,False,,,,,,A004,,,,,EXPI,,1.0,,EXPI,,,EXPI,1.0,,,1.0,,,,,,,,False,,,EUR-EuroSTR-OIS Compound,,,,,,,,False,,,,,,,,
164,728967743,684191004.0,CORR,,2023-08-27T16:10:46Z,,IR,InterestRate:IRSwap:OIS,N,False,2023-07-07T16:15:28Z,2023-07-11,2025-08-15,,False,BNPS,False,False,False,"75,000,000","75,000,000",EUR,EUR,,,,,,,,,,,,,,,,,,,,,,,,,,,,0.036415,,,,,,,,,,,,False,,,,,,A004,,,,,MNTH,,12.0,,MNTH,,,MNTH,12.0,,,12.0,,,,,,,,False,,,EUR-EuroSTR-OIS Compound,,,,,,,,True,9.9999999999,,3.0,,,,,
165,728967736,585605518.0,CORR,,2023-08-27T15:01:17Z,,IR,InterestRate:CapFloor,N,False,2023-03-29T14:49:07Z,2023-03-31,2023-05-03,,False,BILT,False,False,False,"500,000,000",,EUR,,,,,,,,,,,,,,,,,,,,,,500000000.0,,EUR,EUR,,,,,,,,,,,,,,-0.005,,False,,,,,3.0,,,A020,,EXPI,,1.0,,462500.00000,,EXPI,,,,1.0,,,UFRO,EUR,,,,,,False,,,,,,,,,PUT,EUROPEAN,False,,,,,,,,
166,728967735,617621216.0,CORR,,2023-08-27T14:54:34Z,,IR,InterestRate:IRSwap:FixedFloat,N,False,2023-05-04T12:52:37Z,2023-09-19,2024-09-19,,False,BILT,False,False,False,"11,000,000","11,000,000",EUR,EUR,,,,,,,,,,,,,,,,,,,,,,,,,,,,0.0357,,,,,,,,,,,,False,,,,,,A001,,,,,MNTH,,3.0,263000.00000,MNTH,,,MNTH,12.0,,,3.0,UFRO,EUR,,,,,,False,,,EUR-EURIBOR,,,,,,,,False,,,,,,,,
167,728967734,,NEWT,TRAD,2023-08-27T14:48:06Z,,IR,InterestRate:FRA,N,False,2023-05-05T09:18:05Z,2023-09-20,2023-12-20,,False,BNPS,False,False,False,"1,945,229,921+","1,945,229,921+",EUR,EUR,,,,,,,,,,,,,,,,,,,,,,,,,,,,0.036565,,,,,,,,,,,,False,,,,,,A004,,,,,,,,,,,,,,,,,,,,,,,,False,,,EUR-EURIBOR,,,,,,,,False,,,,,,,,
168,728967733,684258506.0,CORR,,2023-08-27T14:40:06Z,,IR,InterestRate:IRSwap:OIS,N,False,2023-07-07T14:37:41Z,2023-09-29,2035-07-31,,False,BNPS,False,False,False,"45,000,000","45,000,000",GBP,GBP,,,,,,,,,,,,,,,,,,,,,,,,,,,,0.0448902,,,,,,,,,,,,False,,,,,,A005,,,,,MNTH,,12.0,,MNTH,,,MNTH,12.0,,,12.0,,,,,,,,False,,,GBP-SONIA-OIS Compound,,,,,,,,False,,,,,,,,
169,728967732,687817125.0,CORR,,2023-08-27T14:38:59Z,,IR,InterestRate:IRSwap:FixedFloat,N,False,2023-07-12T09:22:22Z,2023-06-21,2026-06-21,,False,BNPS,False,False,False,"330,000,000","330,000,000",SEK,SEK,,,,,,,,,,,,,,,,,,,,,,,,,,,,0.03255,,,,,,,,,,,,False,,,,,,A001,,,,,MNTH,,3.0,6772584.60000,MNTH,,,MNTH,12.0,,,3.0,UFRO,SEK,,,,,,False,,,SEK-STIBOR,,,,,,,,False,,,,,,,,
170,728967731,717754509.0,CORR,,2023-08-27T14:28:25Z,,IR,InterestRate:IRSwap:FixedFloat,N,False,2023-08-14T13:32:50Z,2023-09-20,2026-09-20,,False,BNPS,False,False,False,"250,000,000","250,000,000",NOK,NOK,,,,,,,,,,,,,,,,,,,,,,,,,,,,0.0448,,,,,,,,,,,,False,,,,,,A001,,,,,MNTH,,6.0,,MNTH,,,MNTH,12.0,,,6.0,,,,,,,,False,,,NOK-NIBOR,,,,,,,,False,,,,,,,,
171,728969893,728969892.0,MODI,TRAD,2023-08-27T23:58:54Z,False,IR,InterestRate:IRSwap:Basis,N,True,2023-08-27T23:58:54Z,2023-08-29,2027-08-29,,False,TPSE,False,False,,"156,070,007+","156,070,007+",AUD,AUD,,,,,,,,,,,,,,,,,,,,,,,,,,,,,,,,,,0.0013875,0.0,,,,,False,,,3.0,3.0,,,,A005,A005,MNTH,MNTH,3.0,6.0,,,MNTH,,MNTH,,3.0,,6.0,,,,,,,,False,,AUD-BBSW,AUD-BBSW,,,,,,,,False,,,,,,,,
